Winery Name,State,
14 Hands,WA,
Abacela Vineyards & Winery,OR,
Abarbanel Wine Co.,NY,
Abbott Winery,CA,
Abeja,WA,
Abingdon Winery,VA,
Abundance Vineyards,CA,
Acacia Winery,CA,
Academy Wines,OR,
Accardi Vineyards,CA,
Ackerly Pond Vineyards,NY,
Ackerman Winery,IA,
Acme Wineworks,OR,
Acorn Winery,CA,
Adair Vineyards,NY,
Adam Puchta Winery,MO,
Adams County Winery,PA,
Adastra Wines,CA,
Adea Wine Company,OR,
Adelaida Cellars,CA,
Adelsheim Vineyard,OR,
Adler Fels,CA,
A Donkey and Goat,CA,
Adrian Fog Winery,CA,
Adytum Cellars,WA,
Aeppeltreow Winery,WI,
Aetna Springs Cellars,CA,
Afton Mountain Vineyards,VA,
Agajanian Vineyards,CA,
Agua Dulce Vineyards,CA,
Ahlgren Vineyard,CA,
Aiken Winery,SC,
Airlie Winery,OR,
Ajb Vineyards,CA,
Alamosa Wine Cellars,TX,
Alaskan Wilderness Wines,AK,
Alba Vineyards,NJ,
Albertina Wine Cellars,CA,
Alderbrook Winery,CA,
Alexander Valley Vineyards,CA,
Alexandria Nicole Cellars,OR,
Alexis Bailly Vineyards,MN,
Alison Wines & Vineyards,NY,
Allegro Wines,PA,
Allora Vineyards,CA,
Almaden Vineyards,CA,
Almarla Vineyards & Winery,MS,
Altamura,CA,
Altasian Cellars,NJ,
Alto Vineyards,IL,
Amador Foothill Winery,CA,
Amalthea Cellars,NJ,
Amato's Winery,LA,
Amavi Cellars,WA,
Amberg Wine Cellars,NY,
Ambrosia By Kristy,WA,
Americana Vineyards Winery,NY,
Amici Cellars,CA,
Amicitia Wine,CA,
Amicus Cellars,CA,
Amity Vineyard,OR,
Amizetta Vineyards,CA,
Amoré Winery,PA,
Amphora Wines,CA,
AmRhein Wine Cellars,VA,
Amuse Bouche Wine,CA,
Amwell Valley Vineyards,NJ,
Anam Cara Cellars,OR,
Anasazi Fields Winery,NM,
Anawim Wine Cellars,NY,
Ancien Wines,CA,
Andersen Vineyards,CA,
Anderson's Conn Valley Vineyards,CA,
Anderson's Orchard & Winery,IN,
Anderson Valley Vineyards,NM,
Andrake Cellars,WA,
Andretti Winery,CA,
Andrew Geoffrey Vineyards,CA,
Andrew Murray Vineyards,CA,
Andrew Rich Winery,OR,
Andrew Will Winery,WA,
Anglim Winery,CA,
Animale,WA,
Ankeny Vineyard Winery,OR,
Ann Arbor Vineyards,MI,
Anne Amie Vineyards,OR,
Anomaly Vineyards,CA,
A. Nonini Winery,CA,
Antelope Valley Winery,CA,
Anthony Road Wine Company,NY,
Antica Terra,OR,
Apex Cellars,OR,
Apple Barn & Cider Mill,TN,
Apple Tree Farm Wines,VT,
Applewood Orchards Winery,NY,
A. Rafanelli Winery,CA,
Araujo Estate Wines,CA,
Arbios Cellars,CA,
Arbor Crest Winery,WA,
Arbor Hill,NY,
Arbor Trails Winery,NE,
Arcadian Estate Vineyards,NY,
Arcadian Winery,CA,
Archery Summit,OR,
Arciero Estate Winery,CA,
Ardente Winery,CA,
Arena Blanca Winery,NM,
Arena Valley Winery,ID,
Argyle Winery,OR,
Arietta Wine,CA,
Arista Winery,CA,
Armagan Champagne,CA,
Armida Winery,CA,
Armstrong Ranch Wines,CA,
Arnold Palmer Wines,CA,
Arns Winery,CA,
Arrowhead Wine Cellars,PA,
Arrowood Vineyards & Winery,CA,
Arroyo Robles Winery,CA,
Artesa Vineyards & Winery,CA,
Artisan Wines,CA,
A Secret Garden Winery,NC,
Ashland Vineyards,OR,
Ashley Lynn Winery,NY,
Ashley Lynn Winery,NY,
Aspen Wine Company,MS,
Astrale e Terra Winery,CA,
Atalon Winery,CA,
A-T Gift Company Farm Winery,WV,
Atlas Peak Vineyards,CA,
Atwater Estate Vineyards,NY,
Audesirk Vineyards,TX,
Audubon Cellars,CA,
Augusta Winery,MO,
August Briggs Wines,CA,
Augustina's Winery,CO,
Austin Robaire Vintners,WA,
Autumn Hill Vineyard / Blue Ridge Winery,VA,
Autumn Wind Winery,OR,
Avanti Winery,CO,
Avila Winery,CA,
Axios Wines,CA,
Azalea Springs,CA,
Babcock Winery & Vineyards,CA,
Bacchus School Of Wine,NJ,
Bacio Divino,CA,
Badger Mountain Vineyard,WA,
Baer Winery,WA,
Baharav Vineyards,CO,
Baileyana Winery,CA,
Baily Vineyard & Winery,CA,
Bainbridge Island Winery,WA,
Balagna Winery,NM,
Balcom & Moe Vineyard,WA,
Baldacci Family Vineyards,CA,
Baldwin Vineyards,NY,
Balic Winery,NJ,
Balistreri Vineyards,CO,
Ballentine Vineyards,CA,
Balletto Vineyards,CA,
Baltimore Bend Vineyard,MO,
Bandiera Winery,CA,
Banfi Vintners,NY,
Bannerman Vineyard,NC,
Bannister Wines,CA,
Barboursville Vineyards,VA,
Barbour Vineyards,CA,
Barca Wineries & Vineyards,CA,
Barclay & Browning Wines,CA,
Barefoot Cellars,CA,
Bargetto Winery,CA,
Barker's Blackberry Hill Winery,KY,
Barking Rocks Winery,TX,
Barlow Vineyards,CA,
Barnard Griffin,WA,
Barnett Vineyards,CA,
Barnwood Vineyards,CA,
Baron Manfred Vierthaler,WA,
Barra Of Mendocino,CA,
Barrington Cellars,NY,
Barrister Winery,WA,
Bartholomew Park Winery,CA,
Bartlett Maine Estate Winery,ME,
Barton Creek Cellars,CO,
Basel Cellars Estate Winery,WA,
Bashore & Stoudt Country Winery,PA,
Basignani Winery,MD,
Bastress Mountain Winery,PA,
Batavia Wine Cellars,NY,
Battaglini Estate Winery,CA,
Baxter's Vineyard,IL,
Bayfield Winery,WI,
Baystone Wines,CA,
Bayview Cellars,CA,
Beachaven Vineyards & Winery,TN,
Beak & Skiff Apple Winery,NY,
Bear Creek Vineyard Company,CA,
Bear Creek Vineyards,OR,
Bear Pond Wines,NY,
Beaucanon Estate,CA,
Beaux Freres,OR,
Becker Vineyards,TX,
Beckmen Vineyards,CA,
Bedell Cellars,NY,
Bedford Thompson Winery & Vineyard,CA,
Beekman And Beekman,CA,
Bees Brothers Winery,NM,
Behling's Spookhill Farms,NY,
Belhurst Winery,NY,
Bel Lago Winery,MI,
Bella Luna Winery,CA,
Bella Vineyards,CA,
Bellefountain Cellars,OR,
Belle Marie Winery,CA,
Belle Pente Wine Cellars,OR,
Belle Vallée Cellars,OR,
Bell Mountain Vineyards,TX,
Bellview Winery,NJ,
Bellwether Hard Cider,NY,
Bell Wine Cellars,CA,
Belo Wine Company,CA,
Belvedere Vineyards & Winery,CA,
Benessere Vineyards,CA,
Beniga's Creek Vineyard & Winery,PA,
Benjamin Silver Wine,CA,
Benjamin Vineyards & Winery,NC,
Benmarl Vineyards & Winery,NY,
Bennett Vineyards,NC,
Benson Ferry Vineyards,CA,
Benson Vineyards,WA,
Bent Creek Winery,CA,
Benton Lane Winery,OR,
Benziger Family Winery,CA,
Beran Vineyards,OR,
Bergevin Lane Vineyards,WA,
Berghof Keller Winery,WA,
Beringer Vineyards,CA,
Bernardo Winery,CA,
Bernardus Vineyards & Winery,CA,
Berryville Vineyards,IL,
Berrywine Plantations,MD,
Berthoud Vineyards And Winery,CA,
Bethel Heights Vineyard,OR,
Bettinelli Vineyards,CA,
Betz Family Winery,WA,
Biale,CA,
Bianchi Vineyards,CA,
Bias Vineyards & Winery,MO,
Bidwell Vineyards,NY,
Big Creek Vineyards,PA,
Bighorn Cellars,CA,
Big Pine Winery,WA,
Billsboro Winery,NY,
Biltmore Estate Winery,NC,
Birchfield Winery,WA,
Biscotti Family Winery,OH,
Bishop Farms & Winery,CT,
Bitner Vineayrds,ID,
Black Box Wines,CA,
Black Canyon Vineyards,CO,
Black Coyote Wines,CA,
Black Diamond Winery,WA,
Blackjack Ranch Vineyards & Winery,CA,
Black Mesa Winery,NM,
Black Sheep Winery,CA,
Blacksmiths Winery,ME,
Black Star Farms,MI,
Blackstock Vineyards,GA,
Blackstone Winery,CA,
Black Wolf Vineyards,NC,
Blackwood Canyon Vintners,WA,
Blankiet Estate Winery,CA,
Blenheim Vineyards,VA,
Blockhedia Winery,CA,
Bloomer Creek Vineyard,NY,
Blueberry Sky Farm Winery,NY,
"Blue Mountain Vineyard & Cellars, Ltd.",TX,
Blue Mountain Vineyards,PA,
Blue Ridge Winery,VA,
Blue Rock Vineyard & Wines,ID,
Blue Sky Vineyard,IL,
Blue Teal Vineyards,NM,
Blue Valley Vineyards,NE,
Bluff Dale Vineyards,TX,
Blumenhof Vineyards,MO,
Blum Street Cellars,TX,
Bodega Turner Winery,WA,
Boeger Winery,CA,
Bogle Vineyards,CA,
Bokisch Vineyards,CA,
Bommarito Estate Almond Tree Winery,MO,
Bonair Winery,WA,
Bonny Doon Vineyard,CA,
Bonterra Vineyards,CA,
Bookcliff Vineyards,CO,
Bookwalter Winery,WA,
Boordy Vineyards,MD,
Boskydel Vineyard,MI,
Botham Vineyards & Winery,WI,
Bouchaine Vineyards,CA,
Boudreaux Winery,WA,
Boulder Creek Winery,CO,
Boundary Rock Farm Winery,VA,
Bowers Harbor Vineyard,MI,
Boyden Valley Winery,VT,
Boyer Winery,CA,
Bradford Mountain Winery,CA,
Brandborg Cellars,CA,
Brandborg Vineyard & Winery,OR,
Brander Vineyard,CA,
Brandy Peak Distillery,OR,
Braren Pauli Winery,CA,
Brassfield Estate Winery & Vineyards,CA,
Braswell's Winery,AL,
Bravard Vineyards & Winery,KY,
B. R. Cohn Winery,CA,
Breaux Vineyards,VA,
Breezy Hills Vineyard,IA,
Breggo Cellars,CA,
Breitenbach Wine Cellars,OH,
Bressler Vineyards,CA,
Brewer Clifton,CA,
Brian Carter Cellars,WA,
Brick House Vineyards,OR,
Bridgeview Vineyards & Winery,OR,
Bridge Vineyards,NY,
Bridlewood Winery,CA,
Brigadoon Winery,WI,
Brigg's Hill Vineyard,OR,
Brimstone Hill Vineyard,NY,
Bristle Ridge Vineyards,MO,
Broadfields,NY,
Broad Hill Vineyards,MA,
Broadley Vineyards,OR,
Broad Run Vineyards,KY,
Brochelle Winery,CA,
Brogan Cellars,CA,
Broman Cellars,CA,
Brookmere Farm Vineyards,PA,
Brooks Wines,OR,
Brophy Clark Cellars,CA,
Brotherhood Winery,NY,
Brown County Winery,IN,
Brown Estate Vineyards & Winery,CA,
Bruno & George Winery,TX,
Brushy Creek Vineyards,TX,
Brutocao Cellars & Vineyard,CA,
Bryant Family Vineyard,CA,
Bryant Vineyards,AL,
Bryce Vineyard,OR,
Buccia Vineyards,OH,
Buckingham Valley Vineyards,PA,
Bucklin,CA,
Buckmaster Cellars,WA,
Buck Shoals Winery,NC,
Buehler Vineyards,CA,
Buena Vista Carneros,CA,
Buffalo Creek Winery,MO,
Buffalo Ridge,WA,
Bully Hill Vineyard,NY,
Bunchgrass Winery,WA,
Buoncristiani Family Winery,CA,
Burgess Cellars,CA,
Burnley Vineyards,VA,
Burrell School Vineyards,CA,
Burr Oak Winery,WI,
Butler Winery And Vineyards,IN,
Butterfly Creek Winery,CA,
Buttonwood Grove Winery,NY,
Buttonwood Winery,CA,
Buty Winery,WA,
Buzzard Crest Vineyards,NY,
Byington Winery,CA,
Bynum Winery,MO,
Byron Vineyard & Winery,CA,
Cabin Creek Vineyards,OK,
Cacciatore Fine Wines & Olive Oil,CA,
Cache River Basin Winery,IL,
Cadence Winery,WA,
Cafaro Cellars,CA,
Cain Vineyard & Winery,CA,
Cairn Canyon Winery,CA,
Cakebread Cellars,CA,
Calafia Cellars,CA,
Calatrasi Usa,WA,
Calcareous Vineyard,CA,
Caldwell Cellars,CA,
Calera Wine Company,CA,
California Cider Company,CA,
Calistoga Cellars,CA,
Callaghan Vineyards,AZ,
Callaway Coastal,CA,
Calvaresi Winery,PA,
Camaraderie Cellars,WA,
Camas Winery,ID,
Cambria Winery,CA,
Camellia Cellars,CA,
Camelot,CA,
Cameo Vineyards,IL,
Cameron Winery,OR,
Campion Wines,CA,
Canadian River Winery,OK,
Canandaigua Wine Company,NY,
Cana Vineyards,ID,
Canelo Hills Vineyard & Winery,AZ,
Canoe Ridge Winery,WA,
Canon De Sol Winery,WA,
Cantiga Wine Works,CA,
Canyon Road Winery,CA,
Canyon Wind Cellars,CO,
Cape Cod Winery,MA,
Cape May Winery & Vineyard,NJ,
Capiaux Cellars,CA,
Cap*rock Winery,TX,
Carabella Vineyard,OR,
Cardinale Estate Winery,CA,
Cardinal Point Winery,VA,
Carlo & Julian Winery,OR,
Carlos Creek Winery,MN,
Carlson Vineyards,CO,
Carlton Cellars,OR,
Carlton Winemakers Studio,OR,
Carmela Vineyards,ID,
Carmel Road,CA,
Carmenet Vineyards,CA,
Carmody-McKnight Estate Wines,CA,
Carneros Creek Winery,CA,
Carneros Della Notte,CA,
Carolina Vineyards Winery,SC,
Carol Shelton Wines,CA,
Carousel Winery,IN,
Carpenter Creek Winery,WA,
Carter Cellars,CA,
Cartlidge & Browne,CA,
Carver Sutro,CA,
Casa Carneros Vineyard,CA,
Casa Cassara Winery & Vineyards,CA,
Casa De Caballos Vineyards,CA,
Casa De Fruta,CA,
Casa De Sue Winery & Vineyards,LA,
Casa Larga Vineyards,NY,
Casa Nuestra Winery,CA,
Casa Rondeña,NM,
Cascade Cliffs Winery,WA,
Cascade Mountain Winery,NY,
Cascata Winery,NY,
Castel Grisch Winery,NY,
Castello Di Borghese,NY,
Castle Creek Winery,UT,
Castle Rock Winery,CA,
Castle Vineyards,CA,
Castoro Cellars,CA,
Catacula Lake Winery,CA,
Caterina Winery,WA,
Cathedral Ridge Winery,OR,
Catherine Valley Winery,NY,
Catoctin Winery,MD,
Cavatappi Winery,WA,
Cave B Estate Winery,WA,
Cave Vineyard,MO,
Caymus Vineyards,CA,
Cayuga Ridge Estate Winery,NY,
Cayuse Vineyards,WA,
Caywood Vineyards,NY,
Cedar Creek Winery,WI,
Cedar Mountain Winery,CA,
Cedarville Vineyard,CA,
Ceja Vineyards,CA,
Cellardoor Winery / Cyder Valley Farm,ME,
Cellars De Santom,IL,
Century House Winery & Vineyard,KY,
Cerminaro Vineyard,NC,
Cerro Caliente Cellars,CA,
Chaddsford Winery,PA,
Chalet Debonné Vineyards,OH,
Chaleur Estate,WA,
Chalk Hill Estate Vineyards & Winery,CA,
Chamard Vineyards,CT,
Chameleon Cellars,CA,
Champagne Creek Cellars,OR,
Champoeg Wine Cellars,OR,
Chandelle Winery,CA,
Chandler Reach Vineyards,WA,
Changala Winery,CA,
Channing Daughters Winery,NY,
Chanticleer,CA,
Chapel Cellars,MD,
Chappellet Winery,CA,
Charles B. Mitchell Vineyards,CA,
Charles Creek Vineyard,CA,
Charles John Vineyards,NY,
Charles Krug,CA,
Charles Spinetta Winery,CA,
Charleville Vineyards,MO,
Charron Vineyards,AZ,
Charter Oak Winery,CA,
Chase Family Cellars,CA,
Chateau Aux Arc Vineyards & Winery,AR,
Chateau Benoit Winery,OR,
Chateau Bianca Winery,OR,
Chateau Chantal,MI,
Chateau De Leelanau Vineyard & Winery,MI,
Chateau Du Vieux Corbeau,KY,
Chateau Elan Winery,GA,
Chateau Elan Winery,GA,
Chateau Faire Le Pont,WA,
Chateau Felice,CA,
Chateau Fontaine,MI,
Chateau Gallant,WA,
Chateau Grand Traverse Winery,MI,
Chateau Julien,CA,
Chateau Lafayette Reneau,NY,
Chateau Laurinda,NC,
Chateau Lorane,OR,
Chateau Margene,CA,
Chateau Montelena Winery,CA,
Chateau Morrisette Winery,VA,
Chateau Pomije Winery,IN,
Chateau Potelle,CA,
Chateau Ra-Ha Winery,IL,
Chateau Rodin,CA,
Chateau Ross Vineyards & Winery,TN,
Chateau Sassenage,NM,
Chateau Sinnet,CA,
Chateau Souverain,CA,
Chateau St. Croix,WI,
Chateau Ste. Michelle,WA,
Chateau St. Jean,CA,
Chateau Thomas Winery,IN,
Chateau Valerio,MI,
Chateau Woltner,CA,
Chatham Hill Winery,NC,
Chatom Vineyards,CA,
Chatter Creek,WA,
Chaumette Winery,MO,
Chautauqua Vineyards & Winery,FL,
Chehalem,OR,
Cherry Creek Cellars,MI,
Cherry Hill Winery,OR,
Cherry Valley Vineyards,PA,
Chester Hill Winery,MA,
Chestnut Hill Winery,TN,
Chiappone's Cellars,NY,
Chicama Vineyards,MA,
Childress Vineyards,NC,
Chimney Rock Winery,CA,
China Bend Vineyard,WA,
Chinnock Cellars,CA,
Chinook Wines,WA,
Chisholm Trail Winery,TX,
Chouinard Vineyards,CA,
Ch. Renaissance Wine Cellars,NY,
Chrisman Mill Vineyards & Winery,KY,
Christensen Ridge Winery,VA,
Christian Herschler,IA,
Christian W. Klay Winery,PA,
Christine Woods Winery,CA,
Christopher Creek Winery,CA,
Chrysalis Vineyards,VA,
Chumeia Vineyards,CA,
Church Street Winery & Via Vineyards,MA,
Churon Winery,CA,
Ciccone Winery,MI,
Cicero Winery,OH,
Cilurzo Vineyard & Winery,CA,
Cima Collina,CA,
Cimarron Cellars,OK,
Cinnabar Vineyards & Winery,CA,
Circle S Vineyards,TX,
Ck Mondavi Vineyards,CA,
Claar Cellars,WA,
Claiborne & Churchill Vintners,CA,
Claiborne Vineyard,MS,
Claire's Grand River Winery,OH,
Clark-Claudon Vineyards,CA,
Claudia Springs Winery,CA,
Clautiere Vineyard,CA,
Clear Creek Distillery,OR,
ClearWeather Wines,MT,
Clinch Mountain Winery,TN,
Cline Cellars,CA,
Clinton Vineyards,NY,
Clos Du Bois,CA,
Clos Du Lac Cellars,CA,
Clos Du Val Wine Co.,CA,
Clos La Chance Wines,CA,
Clos Mimi,CA,
Clos Pegase Winery,CA,
Clos Pepe Vineyards,CA,
Clos Saron,CA,
Clos Tita Winery,CA,
Cloud9Wine,CA,
Clover Hill Vineyards & Winery,PA,
Coates Vineyards,CA,
Cobblestone Farm Winery,NY,
Cobb Wines,CA,
Cocetti Wines,CO,
Coeur D'alene Cellars,ID,
Coffee Cake Winery,OH,
Cold Heaven Cellars,CA,
Cold Spring Winery,ID,
Cole Bailey Vineyards,CA,
Coleman Vineyard,OR,
Colgin Cellars,CA,
Colibri Vineyard & Winery,AZ,
Collier Falls Vineyards,CA,
Collver Family Winery,IL,
Colony Cellars,TX,
Colorado Cellars,CO,
Col Solare Wines,WA,
Columbia Crest Winery,WA,
Columbia Gorge Winery,WA,
Columbia Winery,WA,
Colvin Vineyards,WA,
Comfort Cellars,TX,
Concannon Vineyard,CA,
Confre Cellars,CO,
Conn Creek Winery,CA,
Conneaut Cellars Winery,PA,
Consilience,CA,
Constant Wine,CA,
Contessa Wine Cellars,MI,
Cooper - Garrod Vineyards,CA,
Cooper Mountain,OR,
Cooper Vineyards,VA,
Copain Wine Cellars,CA,
Copeland Creek Vineyards,CA,
Copernica Vineyards,MD,
Corbett Canyon,CA,
Cordon Creek,CA,
Cordova Cellars Winery,TN,
Corey Creek Vineyards,NY,
Corison Winery,CA,
Corkscrew Winery & The Wine Shoppe Co.,FL,
Corley Vineyards Dba Amber Ridge Vineyards,CO,
Cornerstone Cellars,CA,
Corrales Winery,NM,
Corus Brands,WA,
Cosentino Winery,CA,
Costa De Oro Winery,CA,
Cottonwood Canyon,CA,
Cottonwood Cellars,CO,
Coturri Winery,CA,
Cougar Crest Winery,WA,
Coulson El Dorado Winery,CA,
Country Creek Winery,PA,
Countryside Vineyards & Winery,TN,
Coventry Vale,OR,
Coventry Vale Winery,WA,
Cove Point Winery,MD,
Covey Run,WA,
Cowie Wine Cellars,AR,
Coyote Crest Vineyards & Winery,CA,
Crane Canyon Cellars,CA,
Crane Creek Vineyards,GA,
Crane Family Vineyards,CA,
Cream Ridge Winery,NJ,
Creekside Cellars,CO,
Crescent Mountain Vineyards,SC,
Crescini Wines,CA,
Cribari Wines,CA,
Crichton Hall Vineyard,CA,
Crinella Winery,CA,
Cristom Vineyards,OR,
Crocker & Starr,CA,
Croft Bailey Vineyards,OR,
Cronos,OR,
Crooked Lake Winery,NY,
Crooked Vine Winery,CA,
Crossing Vineyards,PA,
Crossroads Vineyards & Winery,TX,
Cross Timbers Winery,TX,
Crown Valley Winery,MO,
Croze Wines,CA,
C.R. Sandidge Wines,WA,
Crystal Basin Cellars,CA,
C.T. Miller Vineyard,PA,
Cuneo Cellars,OR,
Curtis Winery.Com,CA,
Cuthills Vineyards,NE,
Cuvaison Winery,CA,
Cygnus Wine Cellars,MD,
Daedalus Cellars,OR,
D'Agostini Winery,CA,
Dakotah Vineyards & Winery,FL,
Dalla Valle Vineyards,CA,
Daly Creek Vineyard & Winery,IA,
Damiani Wine Cellars,NY,
D'Anbino Vineyards,CA,
Daniel Cellars,VA,
Daniel Gehrs Wines,CA,
Daniel Vineyards,WV,
Dankorona Winery,OH,
Darcie Kent Winery,CA,
D'Argenzio Winery,CA,
Darighe,WA,
Darioush Winery,CA,
Dark Mountain Vineyard & Winery,AZ,
Dark Star Cellars,CA,
Dashe Cellars,CA,
Daume Winery,CA,
Davenport Winery,KS,
David Bruce Winery,CA,
David Coffaro Estate Winery,CA,
David Frost Wines,TX,
David Hill Winery,OR,
David Noyes Wines,CA,
Davis Bynum Winery,CA,
Davis Family Vineyards,CA,
D-Cubed Cellars,CA,
Deaver Vineyards,CA,
Debeque Canyon Winery,CO,
Deep Creek Winery,MD,
Deer Creek Vineyard,OK,
Deerfield Ranch Winery,CA,
Deer Meadow Vineyard,VA,
Deer Run Winery,NY,
Dehlinger Winery,CA,
De La Montanya Vineyards & Winery,CA,
Delaney Vineyards,TX,
Del Dotto Vineyards,CA,
Delectus Winery,CA,
Delicato Vineyards,CA,
Delille Cellars,WA,
De Loach Vineyards,CA,
De Loach Vineyards,CA,
De Lorimier Winery,CA,
Del Rio Vineyards,OR,
Deluca Vineyards,OH,
Demarco Vineyards,NY,
Demarest Hill Winery,NY,
Demuth Winery,CA,
Denali Winery,AK,
De Natale Vineyards,CA,
Denino Umpqua River Vineyards,OR,
Dennis Vineyards,NC,
Deponte Cellars,OR,
Derbes Wine,CA,
Derose Vineyards,CA,
Desert Hills Winery,WA,
Desi's Dew Meadery,NC,
Destino Wines,CA,
Detert Family Vineyards,CA,
Deux Amis Winery,CA,
Diamond Creek Vineyards,CA,
Diamond Head,HI,
Diamond Hill Vineyards,RI,
Diamond Terrace,CA,
Dicarlo Winery,CA,
Dickerson Vineyard,CA,
Digrazia Winery,CT,
Dimatteo Vineyards,NJ,
Dimmick Cellars,OR,
Di Stefano Winery,WA,
D. K. Cellars,CA,
Dobra Zemla,CA,
Doce Robles,CA,
Dolce Winery,CA,
Domaine Alfred Winery,CA,
Domaine Becquet Winery,CA,
Domaine Berrien Cellars & Winery,MI,
Domaine Carneros,CA,
Domaine Chandon,CA,
Domaine Charbay Winery & Distillery,CA,
Domaine Coteau,OR,
Domaine Danica Winery,CA,
Domaine De La Terre Rouge,CA,
Domaine Drouhin Oregon,OR,
Domaine Meriwether,OR,
Domaine Santa Barbara,CA,
Domaines Ellam,AZ,
Domaine Serene Vineyards,OR,
Domaine Ste. Michelle,WA,
Domaine St. George Winery,CA,
Domaine St. Gregory,CA,
Domes Winery,NY,
Dominion Wine Cellars,VA,
Dominus Estate,CA,
Door Peninsula Winery,WI,
Dos Cabezas Winery & Vineyard,AZ,
Dover Canyon Winery,CA,
Downing Family Vineyards,CA,
Dozier Vineyard & Winery,KS,
Dreyer Sonoma,CA,
Dr. Frank's Vinifera Wine Cellars,NY,
Driftwood Vineyards,TX,
D. R. Stephens Estate,CA,
Dry Comal Creek Vineyards,TX,
Dry Creek Vineyard,CA,
Drytown Cellars,CA,
Duckhorn Vineyards,CA,
Duck Pond Cellars,OR,
Duck Walk Vineyards,NY,
Duckworth Winery,TX,
Dumol Wine Company,CA,
DuNah Vineyard & Winery,CA,
Duncan Peak Vineyards,CA,
Dundee Springs,OR,
Dune Ridge Winery,IN,
Dunham Cellars,WA,
Dunnewood Vineyards,CA,
Dunning Vineyards,CA,
Duplin Winery,NC,
Dusinberre Cellars,CA,
Dusky Goose,OR,
Dutch Bill Creek Winery,CA,
Dutcher Crossing Winery,CA,
Dutch Henry Winery,CA,
Dutton Estate Winery,CA,
Dutton-Goldfield,CA,
Dyer Vineyard,CA,
Dye's Vineyard,VA,
Dzugas Vineyards,NY,
Eagle And Rose Winery,CA,
Eagle Castle Winery,CA,
Eagle City Winery,IA,
Eagle Creek Winery,WA,
Eagle Crest Vineyards,NY,
Eaglepoint Ranch Winery,CA,
Eagle Rock Winery,PA,
Eagles' Crest Vineyard,PA,
Eagles Landing Vineyard And Winery,IA,
"Eagles Nest Winery, The",MO,
Earle Estates Meadery & Winery,NY,
Earl Nelson Mitchell Winery,NC,
Easley Winery,IN,
Eaton Hill Winery,WA,
Eberle Winery,CA,
E. B. Foote Winery,WA,
Echo Canyon Vineyard & Winery,AZ,
Eckert Winery,CA,
Edenvale Estate,OR,
Eden Vineyards & Winery,FL,
Edgefield Winery,OR,
Edgewood Estate,CA,
Edmeades Winery,CA,
Edmunds St. John,CA,
Ehlers Estate,CA,
Ehlers Grove Winery,CA,
Ehrle Brothers Winery,IA,
Eichenberg Winery,MO,
E & K Winery / The Winery of Sandusky,OH,
Elan Vineyards,CA,
Elk Cove Vineyards,OR,
Elke Vineyards,CA,
Elk Hill Winery,NY,
Elkhorn Peak Cellars,CA,
Elk Prairie Vineyard,CA,
Elk Run Vineyards,MD,
Elliott Family Cellars,CA,
Elliston Vineyards,CA,
El Molino Winery,CA,
El Paso Winery,NY,
Elyse Winery,CA,
Emelios Terrace,CA,
Emerald Coast Wine Cellars,FL,
Enat Winery,CA,
Engelmann Cellars,CA,
English Estate Winery,WA,
Eola Hills Wine Cellars,OR,
Eos Estate Winery,CA,
Epiphany Cellars,CA,
Equinox Wines,CA,
Equus Run Vineyards,KY,
Erath Vineyards,OR,
Eric Ross Winery,CA,
Esquisse Winery & Vineyards,CA,
Estancia Estates,CA,
Esterlina Vineyards & Winery,CA,
Etude Wines,CA,
Eugene Wine Cellars,OR,
Everett Ridge Vineyards & Winery,CA,
Evergreen Valley Vineyards,PA,
Evesham Wood Winery,OR,
Evolution,OR,
"Eyrie Vineyards, The",OR,
Facelli Winery,WA,
Failla Wines,CA,
Fairwinds Winery,WA,
Falconer Vineyards,MN,
Falkner Winery,CA,
Fall Creek Vineyards,TX,
Fanucchi Vineyards,CA,
Farfelu Vineyards,VA,
Far Niente Winery,CA,
Favero Vineyards,CA,
Fawncrest Vineyards,TX,
Feliciana Cellars Winery,LA,
Felton Crest Vineyards,DE,
Fenestra Winery,CA,
Fenn Valley Vineyards,MI,
Ferrante Winery,OH,
Ferrari-Carano Vineyards & Winery,CA,
Ferriere Vineyards,CA,
Ferrigno Winery,MO,
Ferrin's Fruit Winery,IN,
Fess Parker Winery & Vineyard,CA,
Fetzer Vineyards,CA,
Ficklin Vineyard,CA,
Fiddlehead Cellars,CA,
Fieldbrook Valley Winery,CA,
Fielding Hills Winery,WA,
Fieldstone Vineyards,MN,
Field Stone Winery & Vineyard,CA,
Fife Vineyards,CA,
Fincastle Vineyard,VA,
Finger Lakes Champagne House,NY,
Fiore Winery,MD,
Firefall Vineyards,CA,
Firelands Winery,OH,
Firesteed Cellars,WA,
Firestone Vineyard,CA,
First Colony Winery,VA,
Fisher Ridge Winery,WV,
Fisher Vineyards,CA,
FishEye Winery,CA,
Fitzpatrick Winery & Lodge,CA,
Five Star Cellars,WA,
Five Vintenters,CA,
Flag Hill Winery,NH,
Flat Creek Estate Winery,TX,
Flickerwood Wine Cellars,PA,
Flint Ridge Vineyards,OH,
Floating Feather Vineyard,ID,
Floodgate Vineyard,CA,
Flora Springs Winery & Vineyards,CA,
Florida Estates Winery,FL,
Florida Orange Groves & Winery,FL,
Flowers Vineyard & Winery,CA,
Foley Estate Vineyard & Winery,CA,
Folie-A-Deux,CA,
Fontana Di Vita Vineyards,CA,
Foppiano Vineyards,CA,
Forchini Vineyards & Winery,CA,
Forestedge Winery,MN,
Forest Glen Winery,CA,
Forgeron Cellars,WA,
Foris Vineyards,OR,
Forks Of Cheat Winery,WV,
Fort Bowie Vineyards And Orchard Products,AZ,
Forth Vineyards,CA,
Fortino Winery,CA,
Fort Ross Vineyard & Winery,CA,
Fort Walla Walla Cellars,WA,
Four Chimneys Organic Wines,NY,
Four Gates Winery,CA,
Four Jg's Orchards & Vineyards,NJ,
"Four Sisters Winery, The",NJ,
Four Vines Winery,CA,
Four Winds Vineyard,NE,
Foxburg Wine Cellars,PA,
Fox Creek Vineyards Co.,IL,
Foxen Winery and Vineyard,CA,
Fox Estate Winery,WA,
Fox Leap Vineyards,PA,
Fox Ridge Winery,PA,
Fox Run Vineyards,NY,
Fox Valley Winery,IL,
Fox Vineyards & Winery,GA,
Fralich Vineyard & Winery,CA,
Fralich Winery,CA,
Franciscan Estates,CA,
Frank Family Vineyards,CA,
Franklin Hill Vineyards,PA,
Franus Wine Company,CA,
Frascone Winery,TX,
Frasinetti's Winery,CA,
Fratelli Desiato Vineyards,PA,
Fratelli Perata,CA,
Frazier Winery,CA,
Fredericksburg Winery,TX,
Freeman Vineyard & Winery,CA,
Freemark Abbey,CA,
Freestone Wines,CA,
Freja Cellars,OR,
French Camp Vineyards,CA,
French Creek Ridge Vineyards,PA,
French Hill Winery,CA,
French Lick Winery,IN,
Frenchman's Gulch Winery,ID,
Frenz Vineyard And Winery,CA,
Fresno State Winery,CA,
Frey Vineyards,CA,
Frias Family Vineyards,CA,
Frick Winery,CA,
Fritz Winery,CA,
Frog's Leap Winery,CA,
Frogtown Cellars,GA,
Frontenac Point Vineyards,NY,
F. Teldeschi Winery,CA,
Fulkerson Winery,NY,
Furnace Brook Winery At Hilltop Orchards,MA,
Furrow Vineyard & Winery,IL,
Futo Family Estate,CA,
Gabriele Rausse Winery,VA,
Gabrielli Winery & Vineyards,CA,
Gainey Vineyard,CA,
Galante Vineyards,CA,
Galena Cellars Winery,IL,
Galena Summit Winery,ID,
Galen Glen Vineyards,PA,
Galleano Winery,CA,
Galleron Signature Wines,CA,
"Gallo, E & J Winery",CA,
Gallo Sonoma,CA,
Galluccio Family Wineries,NY,
Gamba Wineyards & Winery,CA,
Gan Eden Wines,CA,
Garden Creek Winery,CA,
Garden Gate Vineyards,NC,
Garfield Estates Vineyard & Winery,CO,
Gargiulo Vineyard,CA,
Garretson Wine Company,CA,
Garre Vineyard & Winery,CA,
Gary Farrell,CA,
Gekkeikan Sake,CA,
Gemstone Vineyard,CA,
Genkota Winery,IL,
Georgetown Vineyards,OH,
Georis Winery,CA,
Gerber Vineyards,CA,
Germain-Robin,CA,
Germanton Winery,NC,
Geyser Peak Winery,CA,
G. Graham Wines,CA,
Giancarelli Bros. Winery,NY,
Gibbons Lane Winery,WA,
Giessinger Winery,CA,
Gill's Pier Vineyard & Winery,MI,
Ginger Creek Vineyards,NC,
Girardet Wine Cellars,OR,
Girard Winery,CA,
Glades Pike Winery,PA,
Glen Fiona,WA,
Glen Haven Farm,NY,
Glenlyon Vineyards & Winery,CA,
Glenora Winery,NY,
Glenwood Oaks Winery,CA,
Gloria Ferrer Champagne Caves,CA,
Gloria Winery,MO,
Glunz Family Winery,IL,
Gneiss Winery,CA,
Gnekow Family Winery,CA,
Godspeed Vineyards,CA,
Gold Digger Cellars,WA,
Goldeneye,CA,
Golden State Vintners Napa,CA,
Gold Hill Vineyard,CA,
Gold Mine Winery,CA,
Gold Ridge Pinot,CA,
Gold Seal Vineyards,NY,
Goodale Orchards Winery / Russell Orchards,MA,
Good Harbor Vineyards/winery,MI,
Goosecross Cellars,CA,
Goose Ridge Estate Vineyards And Winery,OR,
Goose Watch Winery,NY,
Gordon Brothers Cellars,WA,
Gouveia Vineyards,CT,
Grace Family Vineyards,CA,
Graeser Winery,CA,
Grande River Vineyards,CO,
Grande Wine Cellars,OH,
Grand View Winery,VT,
Granite Springs Winery,CA,
Granville Wines,OR,
Grape Creek Vineyard,TX,
Grape Inspirations Winery,IN,
Grape Leaf Cellars,CA,
Grape Ranch,OK,
"Grape Vine Winery, The",IA,
Gray Ghost,VA,
Gray Haven Winery,VA,
Graystone Winery & Vineyards,CO,
"Great Land Wines, Ltd.",AK,
Grebennikoff Vineyards,CA,
Greenbank Cellars,WA,
Green Family Winery,CA,
Greenfield Vineyards and Winery,OK,
Green & Red Vineyard,CA,
Greenvale Vineyards,RI,
Greenwood Ridge Vineyards,CA,
Gregory Graham Wine,CA,
Grey Fox Vineyards,CA,
Grey Wolf Cellars,CA,
Grgich Hills Cellars,CA,
Gristina Vineyards,NY,
Groth Vineyards & Winery,CA,
Grove Street Winery,CA,
Gruet Winery,NM,
Guenoc & Langtry Vineyards & Winery,CA,
Guglielmo Winery,CA,
Guilford Ridge Vineyard,VA,
Gundlach Bundschu Winery,CA,
Guy Drew Vineyards,CO,
Gypsy Dancer Estates,OR,
Haak Vineyards & Winery,TX,
Habersham Winery,GA,
Hagafen Cellars,CA,
Hahn Estates,CA,
Haight Vineyard,CT,
Hakusan Sake,CA,
Half Moon Bay Winery,CA,
Hallcrest Vineyards,CA,
Hamacher Wines,OR,
Hamilton Oaks Vineyard,CA,
Handley Cellars,CA,
Hanna Winery,CA,
Hanover Park Vineyard,NC,
Hans Fahden Vineyards,CA,
Hanzell Vineyards,CA,
Hargrave Vineyard,NY,
Harlan Estate,CA,
Harlequin Wine Cellars,WA,
Harmony Cellars,CA,
Harmony Hill Vineyards and Estate Winery,OH,
Harpersfield Vineyard,OH,
Harrison Vineyards,CA,
Harrow Cellars,CA,
Hartford Family Winery,CA,
Hartwell Vineyards,CA,
Hart Winery,CA,
Hartwood Winery,VA,
Harvest Moon Winery,CA,
Hauer Of The Dauen,OR,
Havens Wine Cellars,CA,
Hawk Shadow Vineyard,PA,
Hawley Wine,CA,
Haywood Winery,CA,
Hazlitt 1852 Vineyards,NY,
Heartland Vineyards,OH,
Heart Of The Desert,NM,
Heart Of The Vineyard,MI,
Hedges Cellars,WA,
Hegy's South Hills Winery,ID,
Heidrun Meadery,CA,
Heimhof Winery,KS,
Heineman's Winery,OH,
Heinrichshaus Vineyard & Winery,MO,
Heitz Wine Cellar,CA,
Helena View,CA,
Heller Estate,CA,
Hells Canyon Winery,ID,
Helvetia Winery & Vineyards,OR,
Hemman Winery,MO,
Hemp Wine America,NY,
Hendry Winery,CA,
Henke Winery,OH,
Henry Estate Winery,OR,
Henscratch Farms Vineyard & Winery,FL,
Herb Lamb Vineyards,CA,
Heritage Pointe Vineyards,KY,
Heritage Trail Vineyards,CT,
Heritage Vineyards Of Richwood,NJ,
Heritage Wine Cellars,PA,
Heritage Wine & Cheese Haus,IA,
Hermannhof Winery,MO,
Hermann J. Wiemer Vineyard,NY,
"Hermosa Vineyards, Llc",CO,
Heron Hill Vineyards,NY,
Heron Wines,CA,
Hickory Hill Vineyards,VA,
Hickory Hollow Wine Cellars / Highland Cellars,NY,
Hidden Brook Winery,VA,
Hidden Cellars Winery,CA,
Hidden Ranch Winery,CA,
Hidden Springs Winery,TX,
High Hill Vineyards,MA,
Highland Manor Winery,TN,
Highlands Harvest Vineyards,VA,
Highland Winery,KY,
High Pass Winery,OR,
Hightower Cellars,WA,
High Valley Vineyard,CA,
Hill Prairie Winery,IL,
Hill Top Berry Farm & Winery,VA,
Hinnant Family Vineyard,NC,
Hinzerling Vineyards,WA,
Hip Chicks Do Wine,OR,
Hitching Post Wines,CA,
Hogue Cellars,OR,
Holdredge Wines,CA,
Holesinsky Vines,ID,
Holloran Vineyard Wines,OR,
Holly Ridge Winery,TN,
Hollys Hill Vineyard,CA,
Holy-Field Vineyard & Winery,KS,
Homestead Winery,TX,
Homewood Winery,CA,
Honeyrun Winery,CA,
Honeywood Winery,OR,
Honig Vineyard & Winery,CA,
Hood River Vineyards,OR,
Hoodsport Winery,WA,
Hook & Ladder Vineyards and Winery,CA,
Hopewell Valley Vineyards,NJ,
Hop Kiln Winery,CA,
Hopkins Vineyard,CT,
Horizon Cellars,NC,
Horizon's Edge Winery,WA,
Horton Cellars,VA,
Hosmer Vineyard,NY,
Hourglass,CA,
House Of Marquis,VA,
Houston Vineyards,OR,
Howell Mountain Vineyards,CA,
Huber Cellars,CA,
Huber Orchard & Winery,IN,
Hug Cellars,CA,
Hughes Family Vineyards,CA,
Humanitas Wines,CA,
Hunt Cellars,CA,
Hunt Country Vineyards,NY,
Hunter Chasseur Wine Cellars,CA,
Hunter Hill Wines,CA,
Hunters Valley Winery,PA,
Huntington Wine Cellars,CA,
Hurricane Ridge Winery,WA,
Husch Vineyards,CA,
Husic Vineyards,CA,
Hyatt Vineyards,WA,
Icaria Creek Winery & Vineyards,CA,
Icicle Ridge Winery,WA,
Idylwood Winery,OR,
Il Cuore Wine Cellars,CA,
Illinois River Winery,IL,
Imagery Estate Winery,CA,
Imboden Vineyard,AR,
Indian Creek Village Winery,OK,
Indian Creek Vineyard,IL,
Indian Creek Winery,ID,
Indian Springs Vineyards,CA,
Ingleside Plantation Winery,VA,
Inheritance Valley Vineyards,IL,
Inman Family Wines,CA,
Innovative Winery,NC,
Inspiration Vineyards & Winery,CA,
In Town Winery,KY,
Io Vineyards,CA,
Iridesse,CA,
Iron Horse Vineyards,CA,
Ironstone Vineyards,CA,
Irvin-House Vineyards,SC,
Isenhower Cellars,WA,
It's Your Winery,OH,
Ivan Tamas Winery,CA,
Jacelyn Cellars,CA,
Jaffurs Wine Cellars,CA,
Jake's Fault,CA,
James Arthur Vineyards,NE,
James Johnson Vineyards,CA,
Jamesport Vineyards,NY,
James River Wine Cellars,VA,
Jankris Winery,CA,
Januik Winery,WA,
Jardin Wines,WA,
Jarvis Wines,CA,
Jason's Vineyard,NY,
Jasper Winery,IA,
JC Cellars,CA,
Jefferson Vineyards,VA,
Jeff Runquist Wines,CA,
Jepson Vineyards,CA,
Jeriko Estate,CA,
Jerram Winery,CT,
Jessie's Grove Winery,CA,
Jessup Cellars,CA,
Jest Red Wines,CA,
Jewel Collection Fine Wines,CA,
Jewell Towne Vineyards,NH,
J. Garcia Wine,CA,
Jilbert Winery,OH,
J. Jenkins Winery,CA,
J.K. Carriere,OR,
J. Lohr Winery,CA,
J. Lynne Wines,CA,
JM Cellars,WA,
Jocelyn & Lonen Wines,CA,
Jocelyn Wines,CA,
Jodar Vineyard & Winery,CA,
John Christ Winery,OH,
John Michael Chateau,OR,
Johnson Creek Winery,WA,
Johnson Estate Winery,NY,
Johnston's Winery,NY,
John Tyler Wines,CA,
Jomagrha Winery,MI,
Jonathan Edwards Winery,CT,
Jones Cabin Run Vineyards,WV,
Jones Family Vineyards,CA,
Jordan Estate Winery,CA,
Jory Winery,CA,
Joseph Cerniglia Winery,VT,
Joseph Filippi Winery,CA,
Joseph Narcizo Wines,CA,
Joseph Phelps Vineyards,CA,
Joseph Swan Vineyards,CA,
Joullian Vineyards,CA,
Judd's Hill,CA,
Ju'lianne Cellars,WA,
Juslyn Vineyards,CA,
Jussila Vineyard,CA,
Justin Vineyards & Winery,CA,
J Wine Company,CA,
Kahn Winery,CA,
Kaiser Home Winery,IA,
Kalamar Winery,WA,
Kalin Cellars,CA,
Kamen Wines,CA,
Kana Winery,OR,
Kapcsandy Family Winery,CA,
Kapp Winery,IN,
Karl Lawrence Cellars,CA,
Karly Winery,CA,
Karma Vista Vineyards,MI,
Kathken Vineyards,OR,
Kathryn Hall Vineyards,CA,
Kathryn Kennedy Winery,CA,
Kauffman Winery,IN,
Kaz Vineyard & Winery,CA,
K. Edward Winery,MI,
Keegan Cellars,CA,
Keeling-Schaefer Vineyards,AZ,
Kelham Vineyard,CA,
Keller Estate,CA,
Kelley's Island Wine,OH,
Kelsey See Canyon Vineyards,CA,
Kenco Farms Honey Wines,WV,
Kendall-Jackson Winery,CA,
Kent Rasmussen Winery,CA,
Kenwood Vineyards,CA,
Ken Wright Cellars,OR,
Kerrigan Brothers Winery,WI,
Kestrel Vintners,WA,
Keswick Vineyards,VA,
Keuka Overlook Wine Cellars,NY,
Keuka Spring Vineyards,NY,
Keyways Winery & Vineyard,CA,
Kiepersol Estates,TX,
King Estate Winery,OR,
King Family Vineyards,VA,
King Ferry Winery,NY,
King's Road Winery,NJ,
Kinkead Ridge Estate Winery,OH,
Kiona Vineyards Winery,OR,
Kiona Vineyards & Winery,WA,
Kirkland Ranch Winery,CA,
Kirkwood Winery,WV,
Kishwaukee Ridge,IL,
Kistler Vineyards,CA,
Kit Fox Vineyard,CA,
Klingshirn Winery,OH,
Klipsun Vineyards,WA,
Kluge Estate Winery,VA,
Knapp Winery,NY,
Knipprath Cellars,WA,
Kobalt Wines,CA,
Kodiak Island Winery,AK,
Koehler Winery,CA,
Koenig Distillery & Winery,ID,
Kog Hill Winery,PA,
Kokopelli Winery,AZ,
Korbel Champagne Cellars,CA,
Kosta Browne Winery,CA,
Koves-Newlan Vineyards & Winery,CA,
Kramer Vineyards,OR,
Kreutz Creek Vineyards,PA,
Kristin Hill Winery,OR,
Kuleto Estate Family Vineyards,CA,
Kunde Estate Winery,CA,
Kunin Wines,CA,
K Vintners,WA,
Kynsi Winery,CA,
l'Abeille Honey Winery,VT,
La Belle Amie Vineyard,SC,
La Bete Wines,OR,
La Bodega Winery,TX,
La Buena Vida Vineyards,TX,
La Caille Vineyards & Winery,UT,
La Casa Narcisi,PA,
La Chiripada Winery,NM,
La Crema,CA,
Ladera Vineyards,CA,
La Diosa Cellars,TX,
La Dolce Vita Winery,MO,
Laetitia Vineyard & Winery,CA,
La Famiglia Di Robert Mondavi,CA,
Lafollette Vineyard & Winery,NJ,
Lafond Winery & Vineyards,CA,
La Garza Cellars,OR,
Lago Di Merlo Vineyards & Winery,CA,
Lail Vineyards,CA,
Laird Family Estate,CA,
La Jota Vineyard Co.,CA,
Lake Anna Winery,VA,
Lake Chelan Winery,WA,
Lake Michigan Winery,IN,
Lakeridge Winery & Vineyards,FL,
Lakeshore Winery,NY,
Lakeside Vineyard,OH,
Lake Sonoma Winery,CA,
Lakewood Vineyards,NY,
Laleure Vineyards,OH,
Lambert Bridge Winery,CA,
Lambert's Vintage Wines,WV,
Lamborn Family Vineyards,CA,
Lamoreaux Landing Wine Cellars,NY,
Lancaster County Winery,PA,
Lancaster Estate Winery,CA,
Landmark Vineyards,CA,
"Land Of Nod Winery, The",CT,
Landry Vineyards,LA,
Landwirt Vineyards,VA,
Lane Tanner,CA,
Lange Winery,OR,
Lang & Reed Winery,CA,
Lanthier Winery,IN,
Lapic Winery,PA,
La Querencia Vineyards & Winery,NM,
Larkmead Vineyards,CA,
La Rocca Vineyards,CA,
La Rochelle Winery,CA,
Larry's Vineyard & Winery,NY,
Larson Family Winery,CA,
Lasata Wines,IL,
La Sirena Wines,CA,
Last Chance Winery,NE,
Latah Creek Wine Cellars,WA,
Latcham Vineyards,CA,
La Toscana Winery,WA,
Lauderdale Cellars,TN,
Lau-Nae Winery,IL,
Laura's Vineyard,CA,
Laurel Glen,CA,
Laurel Gray Vineyards,NC,
Laurel Lake Vineyards,NY,
Laurello Vineyards,OH,
Laurel Mountain Vineyard,PA,
Laurel Ridge,OR,
Laurita Vineyards,NJ,
Lautenbach's Orchard Winery,WI,
Lauterbach Cellars,CA,
Lava Cap Winery,CA,
La Velle Winery,OR,
Lavender Crest Winery,IL,
l'Aventure,CA,
La Vida Loca Winery,IA,
La Vina Winery,NM,
Lawton Winery,OR,
Lazy Creek Winery,CA,
Le Cask,CA,
Le Clos Thérèse,NY,
l'Ecole No. 41,WA,
Le Cuvier Winery,CA,
Ledgewood Creek Winery & Vineyards,CA,
Ledson Winery & Vineyards,CA,
Leelanau Wine Cellars,MI,
Leeward Winery,CA,
Lehm Berg Winery,TX,
Leidenfrost Vineyards,NY,
Lemelson Vineyards,OR,
Lemon Creek Winery,MI,
Le Montueux Vineyard & Winery,MI,
Le Mulet Rouge,CA,
"Lenz Winery & Vineyard, The",NY,
Leonardo Family Vineyards,CA,
Leonetti Cellar,WA,
Les Bourgeois Vineyards,MO,
Le Vin Vineyards and Winery,CA,
Lewelling Vineyards,CA,
Lewis Cellars,CA,
Lexington Valley Vineyard,VA,
Lieb Family Cellars,NY,
Lightcatcher Winery,TX,
Lil' Ole Winemaker Shoppe,WI,
Limerick Lane Cellars,CA,
Limestone Creek Winery,IL,
LinCourt Vineyards,CA,
Linden Vineyards,VA,
Linganore Wine Cellars,MD,
Linne Calodo Cellars,CA,
Lions Peak Winery,CA,
Lion Valley Vineyards,OR,
Liparita Cellars,CA,
Little Amana Winery,IA,
Little Ashby Vineyards,MD,
Little Hungary Farm Winery,WV,
Little Swan Lake Winery,IA,
Little Vineyards and Family Winery,CA,
Littorai Wines,CA,
Livingston Moffett Wines,CA,
Llano Estacado Winery,TX,
L. Mawby Vineyards & Winery,MI,
Lockwood Vineyard,CA,
Loew Vineyards,MD,
Logan Ridge Winery & Restaurant,NY,
Lokoya Winery,CA,
Lola Wines,CA,
Lolonis Winery,CA,
Lolo Peak Winery,MT,
Londer Vineyards,CA,
Lone Canary Winery,WA,
Lonen Wines,CA,
Lone Oak Vineyard Estate,MI,
Lone Oak Vineyards,TX,
Lone Star Wine Cellars,TX,
Longboard Vineyards,CA,
Long Hollow Winery,TN,
Long Meadow Ranch,CA,
Long Point Winery,NY,
Long Trout Winery,PA,
Long Vineyards,CA,
Lopez Island Vineyards,WA,
Lorca Wines,CA,
Loring Wine Company,CA,
Los Luceros Winery,NM,
Los Pinos Ranch Vineyards,TX,
Lost Canyon Winery,CA,
Lost Creek Vineyard,TX,
Lost Creek Vineyards & Winery,VA,
Lost Heritage Vineyards,KY,
Lost Mountain Winery,WA,
Lost River Winery,WA,
Loudon Valley Vineyards & Winery,TN,
Loudoun Valley Vineyards,VA,
Loughlin Vineyards,NY,
Louis M Martini Winery,CA,
Louis P. Balducci Vineyards,MO,
Lovers Leap Vineyards,NE,
Lover's Leap Vineyard & Winery,KY,
Lowden Hills Winery,WA,
Lowe's Winery,TN,
Loxton Cellars,CA,
Lucas And Lewellen Vineyards,CA,
Lucas Vineyards,NY,
Lucas Winery,CA,
Ludwigshof,KS,
Luedke's Winery,MN,
Luna Rossa,NM,
Luna Vineyards,CA,
Luttgens Family Vineyards,CA,
l'Uvaggio Di Giacomo,CA,
Lvc Wines,CA,
Lynfred Winery,IL,
Lynmar Winery At Quail Hill Ranch,CA,
Macari Vineyards & Winery,NY,
Mackinaw Valley Vineyard,IL,
Macrostie Winery & Vineyards,CA,
Mac's Creek Vineyards & Winery,NE,
Mademoiselle Vineyards,NM,
Madison Vineyards,IN,
Madison Vineyards & Winery,NM,
Madonna Estate,CA,
Madrigal Vineyards,CA,
Magito Wines,CA,
Magnanini Farm Winery,NY,
Maiolatesi Wine Cellars,PA,
Maison Basque Winery,CA,
Maison De Padgett Winery,WA,
Maloy O'Neill Vineyards,CA,
Malvadino Vineyards,CA,
Manatawny Creek Winery,PA,
Manchego Real,OR,
Mankas Hills Vineyards,CA,
Manor Hill Vineyards,NY,
Manucci Winery,CA,
Maple Creek Winery,CA,
Maple Ridge Vineyards,OH,
Maple River Winery,ND,
Maresh Red Barn,OR,
Mariah,CA,
Marietta Cellars,CA,
Marietta Wine Cellars,OH,
Marilyn Merlot,CA,
Marimar Torres Estate,CA,
Mario Perelli-Minetti Winery,CA,
Market Cellar Winery,WA,
Markham Vineyards,CA,
Markko Vineyard,OH,
Mark West Estate Winery,CA,
Marquam Hill Vineyards,OR,
Marshall's Winery,WA,
Marston Family Vineyard,CA,
Martha Clara Vineyards,NY,
Martin And Weyrich Winery,CA,
Martinelli Winery,CA,
Martin Family Vineyards,CA,
Martini & Prati Winery,CA,
Martin Ray Winery,CA,
Martin-Scott Winery,WA,
Martin's Honey Farm & Meadery,NY,
Martin Vineyards,NC,
Maryhill Winery,WA,
Mason Cellars,CA,
Mason Creek Winery,WI,
Massbach Ridge Winery,IL,
Masset Winery,WA,
Mastantuono Winery,CA,
Matanzas Creek Winery,CA,
Match Vineyards,CA,
Matin Soleil,OR,
Matthews Cellars,WA,
Maui's Winery,HI,
Maurice Car'rie Vineyard & Winery,CA,
Mauritson Vineyards,CA,
Mayacamas Vineyards,CA,
Maydelle Country Wines,TX,
Mayo Family Winery,CA,
Maysara Estate Winery,OR,
Mazza Vineyards,PA,
Mazzocco Vineyards,CA,
McCray Ridge,CA,
McCrea Cellars,WA,
McDowell Valley Vineyards,CA,
McGregor Vineyard Winery,NY,
McHenry Vineyard,CA,
McIlroy Cellars,CA,
McKenzie-Mueller Vineyards And Winery,CA,
McKeon-Phillips Winery,CA,
McKinlay Vineyard,OR,
McLaughlin Vineyards,CT,
McManis Family Vineyards,CA,
McNab Ridge Winery,CA,
McReynolds Wines,TX,
Meador Estate Wines,CA,
Medici Vineyards,OR,
Medlock Ames,CA,
Medovina,CO,
Meeker Vineyards,CA,
Meier's Wine Cellars,OH,
Meinhardt Vineyards & Winery,GA,
Mellea Winery,MA,
Melrose Vineyards,OR,
Melville Vineyards And Winery,CA,
Menghini Winery,CA,
Meola Vineyards and Winery,CA,
Meramec Vineyards,MO,
Meranda Vineyards,OH,
Meridian Vineyards,CA,
Merritt Estate Winery,NY,
Merry Edwards,CA,
Merryvale Vineyards,CA,
Merus Wines,CA,
Messina Family Vineyards,CA,
Messina Hof Winery & Resort,TX,
Metrillo Wine Cellars,OH,
Mettler Family Vineyards,CA,
Meyer Family Cellars,CA,
Meyer Vineyards,NE,
Miceli Vineyards,ID,
Michael Charles Winery,PA,
Michael-David Vineyards,CA,
Michael Martella,CA,
Michael Mercier Winery,CA,
Michael Pozzan Winery,CA,
Michael Shaps Wines,VA,
Michaud Vineyard,CA,
Michel-Schlumberger,CA,
Midnight Cellars,CA,
Mietz Cellars,CA,
Milagro Vineyards,NM,
Milano Family Winery,CA,
Milat Vineyards Winery,CA,
Miles Wine Cellars,NY,
Millbrook Vineyards & Winery,NY,
Mill Creek Vineyards & Winery,CA,
Millenium Wines,NE,
Milliaire Winery,CA,
Miner Family Vineyards,CA,
Minnestalgia Winery,MN,
Minturn Cellars,CO,
"Miramonte Winery, Dba Celebration Cellars",CA,
Mirassou Vineyards,CA,
Mission Meadow Winery,CA,
Mission Mountain Winery,MT,
Mitchell Katz Winery,CA,
Momokawa Sake,OR,
Mon Ami Historic Winery,OH,
Monarch Wine Company,FL,
Montage Cellars,CA,
Montdomaine Cellars,VA,
Monteagle Winery,TN,
Monte Alegre Vineyard,IL,
Mont Elise Vineyards,WA,
Montelle Winery,MO,
Montemaggiore,CA,
Monterey Vineyard,CA,
Monterra Winery,CA,
Montevina Winery,CA,
Monte Volpe Vineyards,CA,
Montezuma Winery,NY,
Monticello Vineyards,CA,
Monticello Vineyards & Winery,FL,
Montinore Vineyards,OR,
Montmorenci Vineyards,SC,
Montserrat Vineyards,MO,
Moondance Cellars,CA,
Moonfeathers Winery,OK,
Moonlight Sparkling Wine Cellar,WA,
Moonrise Bay Vineyard,NC,
Moraga Vineyards,CA,
Morgan Creek Vineyard,MN,
Morgan Creek Vineyards,AL,
Morgan Lake Cellars,OR,
Morgan Winery,CA,
Morovino,CA,
Morrione Vineyards,AL,
Mosby Winery,CA,
Mosher Creek Winery,CA,
Moshin Vineyards,CA,
Moss Creek Winery,CA,
Mountain Cove Vineyards,VA,
Mountain Dome Winery,WA,
Mountain Spirit Winery,CO,
Mountain Valley Vineyards,TN,
Mountain View,OR,
Mountain View Winery,CO,
Mountain Winery,CA,
Mount Baker Vineyards,WA,
Mount Bethel Winery,AR,
Mount Eden Vineyards,CA,
Mount Hope Estate Winery,PA,
Mount Nittany Vineyard & Winery,PA,
Mount Palomar Winery,CA,
Mount Pleasant Winery,MO,
Mount Tamalpais Vineyards,CA,
Moyer Vineyards Winery,OH,
Mt. Vernon Winery,CA,
Mudd Vineyards,NY,
Mueller Winery,CA,
Mulholland Vineyards,CA,
Mumm Cuvee Napa,CA,
Murielle Winery,FL,
Murphy Goode Winery,CA,
Murray's Cyder,CA,
Murrieta's Well Winery,CA,
Mutt Lynch Winery,CA,
Mystic Mountain Vineyard,OR,
Nadeau Family Vintners,CA,
Nagy's New Land Vineyard,NY,
Naked Mountain Vineyards,VA,
Nalle Winery,CA,
Nantucket Vineyard,MA,
Napa Cellars,CA,
Napa Knolls Winery,CA,
Napa Redwoods Estate,CA,
Napa Valley Winery,CA,
Napa Wine Company,CA,
Nashoba Valley Winery & Brewery,MA,
Nashwood Winery,TX,
Nassau Valley Vineyards,DE,
Native Stone Winery,MO,
Native Wines,UT,
Natura Vineyards & Winery,OK,
Navarro Vineyards & Winery,CA,
Naylor Wine Cellars,PA,
Neal Family Vineyards,CA,
Nehalem Bay Winery,OR,
Nelson Estate,CA,
Nevada City Winery,CA,
New Glarus Primrose Winery,WI,
New Hampshire Winery,NH,
New Hope Winery,PA,
New Oak Vineyards,MO,
Newport Vineyards & Winery,RI,
Neyers Vineyards,CA,
Niagara Landing Wine Cellars,NY,
Nichelini Winery,CA,
Nicholas Black River Winery,MI,
Nicholas-Cole Cellars,WA,
Nichols Winery & Cellars,CA,
Nickel & Nickel,CA,
Nicolas Rolin Vineyards,OR,
Niebaum-Coppola Winery,CA,
Nine Gables Vineyard,CA,
Nissley Vineyards,PA,
Noah Vineyards,CA,
Nord Estate Wines,CA,
Norman Vineyards,CA,
North Carolina Waldensian,NC,
Northcote Vineyards,WI,
North Country Apple Winery,NY,
Northern Vineyards,MN,
North Mountain Winery,VA,
North River Winery,VT,
North Salem Vineyard,NY,
Northstar Winery,WA,
Nota Bene Cellars,WA,
Novelty Hill,WA,
Novy Cellars,CA,
Nua Dair,CA,
Nutmeg Vineyards,CT,
Nuyaka Creek Winery,OK,
Oak Arbor Winery,CA,
Oak Crest Winery,VA,
Oakencroft Winery,VA,
Oakford Vineyards,CA,
Oakglenn Vineyards & Winery,MO,
Oak Hills Winery And Vineyards,OK,
Oak Hill Winery,IN,
Oak Hollow Winery,CA,
Oak Knoll Winery,OR,
Oak Ridge Winery,CA,
Oak Spring Winery,PA,
Oakstone Winery,CA,
Oakville Ranch Winery,CA,
Oakwood Cellars,WA,
Oakwood Cellars Winery,OR,
Oasis Vineyards,VA,
Obadiah Mcintyre Farm Winery,MA,
Oberhof Wine Cellars,TX,
Obester Winery,CA,
Obrien Family Vineyard,CA,
Ojai Vineyard,CA,
Old Brookeville Vineyards,NY,
Old Creek Ranch Winery,CA,
Olde Germania Wine Cellars,NY,
Olde Lockeford Winery,CA,
"Old Field Vineyards, The",NY,
Old Firehouse Winery,OH,
Old House Vineyards,VA,
Old Millington Vineyard & Winery,TN,
Old Mill Winery,OH,
Old Mission Peninsula Cellars,MI,
Old North State Winegrowers Cooperative,NC,
Old North State Winery,NC,
Old South Winery,MS,
Old Stone Vineyard & Winery,NC,
Old Town Winery,CA,
Old Town Winery,CO,
Old Wine Cellar Winery,IA,
Oliver Caldwell Cellars,CA,
Oliver Curtis Winery,CA,
Oliver Winery,IN,
Olympic Cellars Winery,WA,
Onondaga Winery,NY,
On The Edge Winery,CA,
Opolo Vineyards,CA,
Opus One Winery,CA,
Orchard Country Winery,WI,
Oregon Cascade Winery,OR,
Oregon Hill Winery,PA,
Orfila Vineyards,CA,
Organic Vintages,CA,
Organic Wine Works,CA,
Origin Napa,CA,
Orlandini Vineyards,IL,
Orogeny Vineyards,CA,
Orr Mountain Winery,TN,
O'Shaughnessy Winery,CA,
Osocalis Winery And Distillery,CA,
Osprey's Dominion Vineyards,NY,
Ottauquechee Valley Winery,VT,
Ottimino Winery,CA,
Outpost Wines,CA,
Owen Roe,OR,
Owen Sullivan Winery,WA,
Owl Creek Vineyard,IL,
Owl Ridge Winery,CA,
Ozeki Sake,CA,
Pacheco Ranch Winery,CA,
Pacific Echo Cellars,CA,
Pacific Star Winery,CA,
Page Cellars,WA,
Page Mill Winery,CA,
Pahlmeyer Winery,CA,
Pahrump Valley Vineyards,NV,
Painted Rocks Winery,MT,
Palmeri Wines,CA,
Palmer Vineyards,NY,
Paloma Vineyard,CA,
Palotai Vineyard,OR,
Panther Creek Cellars,OR,
Panther Hills Winery,OK,
Paoletti Vineyards,CA,
Papapietro Perry Winery,CA,
Paradigm Winery,CA,
Paradise Ridge Winery,CA,
Paradisos Del Sol,WA,
Paradocx Vineayrd,PA,
Parador Cellars,CA,
Paraduxx,CA,
Paraiso Springs Vineyards,CA,
Parducci Wine Estates,CA,
Park Farm Winery,IA,
Parkhill Vineyards,WA,
Parma Ridge Vineyards,ID,
Parmelee-Hill Vineyards,CA,
Parmenter's Cider Mill,MI,
Parry Cellars,CA,
Parsonage Village Vineyard,CA,
Paschal Winery,OR,
Pasek Cellars,WA,
Pasterick Vineyard & Winery,CA,
Patit Creek Cellars,WA,
Patrick M. Paul Vineyards,WA,
Patton Valley Vineyards,OR,
Patz & Hall,CA,
Paul Hobbs Winery,CA,
Paul Thomas Winery,WA,
Paumanok Vineyards,NY,
Pavona Wines,CA,
Pax Wine Cellars,CA,
Pazdar Winery,NY,
Peaceful Bend Vineyards,MO,
Peace Valley Winery,PA,
Peachy Canyon Winery,CA,
Peacock Family Vineyard,CA,
Peaks Of Otter Winery,VA,
Pearmund Cellars,VA,
Peconic Bay Winery,NY,
Pedroncelli Winery And Vineyards,CA,
Peirano Estate Vineyards,CA,
Peju Province Winery,CA,
Pelerin Wines,CA,
Pellegrini Family Vineyard,CA,
Pellegrini Vineyards,NY,
Pellican Ranch Winery,CA,
Pena Ridge Wines,CA,
Pend D'oreille Winery,ID,
Penguin Bay Winery & Champagne House,NY,
Peninsula Cellars,MI,
Penman Springs Vineyard,CA,
Penner-Ash Wine Cellars,OR,
Penn Oaks Winery,MD,
Penn Shore Vineyards,PA,
Pentamere Winery,MI,
Pepi Winery,CA,
Pepper Bridge Winery,WA,
Perbacco Cellars,CA,
Perdido Vineyards,AL,
Perennial Vineyards,OH,
Periscope Cellars,CA,
Perry Bower Vineyard,OR,
Perry Creek Vineyards,CA,
Persimmon Creek Vineyards,GA,
Pessagno Winery,CA,
Peter Franus Wine Co.,CA,
Peter Michael Winery,CA,
Peterson & Sons Winery,MI,
Peterson Winery,CA,
Pezzi King Vineyards,CA,
Pfendler Vineyards,CA,
Pheasant Court Winery,OR,
Pheasant Hollow Winery,IL,
Pheasant Ridge Winery,TX,
Pheasant Valley Winery,OR,
Philadelphia Wine Company,PA,
Philip Staley Vineyards & Winery,CA,
Philo Ridge Vineyards,CA,
Phoenix Vineyards,CA,
Phoenix Winery & Vineyards,MO,
Piasa Winery,IL,
Picchetti Winery,CA,
Piedmont Vineyards,VA,
Piedra Creek Winery,CA,
Pietra Santa Vineyards,CA,
Piety Flats Winery,WA,
Pikes Peak Vineyards,CO,
Pillar Bluff Vineyards,TX,
Pillar Rock Vineyard,CA,
Pina Napa Valley,CA,
Pindar Vineyards,NY,
Pinder Winery,CA,
Pine Ridge Winery,CA,
Piney Woods Country Wines,TX,
Pinnacle Ridge Winery,PA,
Pioneer Winery,IL,
Pipestone Vineyards,CA,
Pirtle Winery,MO,
Plain View Winery,OK,
Plam Vineyards,CA,
Pleasant Hill Winery,TX,
Pleasant Valley Wine Co.,NY,
Plum Creek Cellars,CO,
Plumpjack Winery,CA,
Plymouth Bay Winery,MA,
Plymouth Colony Winery,MA,
P & M Staiger,CA,
Poalillo Vineyards,CA,
Pointe Of View Winery,ND,
Pomona Winery,IL,
Ponderosa Valley Vineyards,NM,
Pontchartrain Vineyards,LA,
Ponte Family Estate Winery,CA,
Pontin Del Roza,WA,
Pontin Del Roza Winery,OR,
Ponzi Vineyards,OR,
Poor Richard's Winery,NJ,
Pope Valley Winery,CA,
Poplar Ridge Vineyards,NY,
Porter Creek Vineyards,CA,
Portteus Vineyards,WA,
Post Family Vineyard & Winery,AR,
Poteet Country Winery,TX,
Potomac Highland Winery,WV,
Powers Winery,WA,
Prager Winery & Portworks,CA,
Prairie Berry Winery,SD,
Prairie State Country Wines,IL,
Preate Winery,PA,
Prejean Winery,NY,
Presidio Winery,CA,
Presque Isle Wine Cellars,PA,
Preston Premium Wines,WA,
Preston Vineyards,CA,
Pretty-Smith Vineyards & Winery,CA,
Priam Vineyards,CT,
Pride Mountain Vineyards,CA,
Prime Country Winery,NE,
Prince Michel Vineyards,VA,
Pronghorn Vineyards,AZ,
Prospero Winery,NY,
Pt. Reyes Vineyards,CA,
Puccioni Vineyards,CA,
Puesta Del Sol Vineyards,CO,
Pugliese Vineyards,NY,
Punk Dog Wines,CA,
Pup's Cider Company,NH,
Putney Mountain Winery,VT,
Quady Winery Inc,CA,
Quaker Ridge Winery,PA,
Quilceda Creek Vintners,WA,
Quintessa,CA,
Quivira Vineyards,CA,
Rabbit's Foot Meadery,CA,
Raffaldini Vineyards And Winery,NC,
Raftshol Vineyards,MI,
Ragapple Lassie Vineyards,NC,
Rainbow Hills Vineyards,OH,
Rainbow's End Vineyard,CA,
Ramona Vintners Cellars,CA,
Rancho Aliso,CA,
Rancho Sisquoc,CA,
Rancho Zabaco,CA,
Randall Harris,WA,
Random Ridge,CA,
Rapazzini Winery,CA,
Raphael,NY,
Rapidan River Vineyards,VA,
Rappahannock Cellars,VA,
Raptor Ridge Winery,OR,
Rasta Ranch Vineyards,NY,
Ravenswood Winery,CA,
Ravines Wine Cellars,NY,
Rayes Hill Vineyard & Winery,CA,
Raylen Vineyards,NC,
Raymond Burr Vineyards,CA,
Raymond Vineyard & Cellar,CA,
Ray's Station,CA,
R&B Cellars,CA,
Röbller Winery,MO,
Rebec Vineyards,VA,
Red Barn Winery & Vineyard,TN,
Red Diamond,WA,
Red Fern Cellars,NY,
Redhawk Vineyard,OR,
Redmon Family Vineyards,CA,
Red Newt Cellars,NY,
Red River Winery,TX,
Red Rock Winery & Brewery,CA,
Redstone Meadery,CO,
Redwood Valley Cellars,CA,
Red Zeppelin Winery,CA,
Reeder Mesa Vineyards,CO,
Regent Champagne Cellars,NY,
Regusci Winery,CA,
Reininger Winery,WA,
Remick Ridge Vineyards,CA,
Renaissance Vineyard & Winery,CA,
Renault Winery,NJ,
Renteria Wines,CA,
Renwood Winery,CA,
Retzlaff Vineyards,CA,
Reverie Vineyard,CA,
Rex Goliath,CA,
Rex Hill Vineyards,OR,
Reynolds Family Winery,CA,
Rezonja Wine Cellars,CA,
R. H. Phillips Vineyards,CA,
Ribbon Ridge Vineyard,OR,
Richard Boyer Wines,CA,
Richard Longoria Wines,CA,
Richard Partridge Wines,CA,
Richard Perry Vineyards,CA,
Rich Passage Winery,WA,
Rideau Vineyard,CA,
Ridgeback Winery,FL,
Ridge Vineyards,CA,
"Ridge Winery, The",IN,
Rio Seco Vineyard,CA,
Rios Lovell Winery,CA,
Ristow Estate,CA,
Ritchie Creek Vineyard,CA,
Ritler Ridge Vineyards,NC,
Rivendell Winery,NY,
River Grove Winery,CA,
River Ranch Vineyards,CA,
River Ridge Winery,MO,
River Road Vineyards,CA,
River Run Vintners,CA,
River's Edge Winery,OR,
Roane Vineyards,WV,
Roanoke Vineyards,NY,
Roanoke Vineyards,NY,
Roberian Vineyards,NY,
Robert Bartunek Winery,OK,
Robert Biale Vineyards,CA,
Robert Craig Wine Cellars,CA,
Robert Foley Vineyards,CA,
Robert F. Pilska Winery,WV,
Robert Hall Winery,CA,
Robert Karl Cellars,WA,
Robert Keenan Winery,CA,
Robert Mondavi Winery,CA,
Robert Pecota Winery,CA,
Robert Rue Vineyard,CA,
Robert Sinskey Vineyards,CA,
Robert Stemmler Winery,CA,
Robert Talbott Vineyards,CA,
Robert Young Estate Winery,CA,
Robledo Family Winery,CA,
Rocca Family Vineyards,CA,
Roche Winery,CA,
Rockblock Cellars,OR,
Rockbridge Vineyard,VA,
Rockhouse Vineyards,NC,
Rocking Horse Winery,CA,
Rockledge Vineyards,CA,
Rock Stream Vineyards,NY,
Rocky Hill Winery,CO,
Rocky Mountain Meadery,CO,
Roderer Estate,CA,
Rodney Strong Vineyards,CA,
Roessler Cellars,CA,
Rogers Ford Farm Winery,VA,
Rolling Hills Vineyard & Winery,KY,
Rolling Hills Winery,MT,
Rombauer Vineyards,CA,
Rooster Hill Vineyards,NY,
Rosa Fiorelli Winery,FL,
Rosati Winery,MO,
Rose Bank Winery,PA,
Rosenblum Cellars,CA,
Rosenthal-the Malibu Estate,CA,
Rose River Vineyards,VA,
Roshamabo Winery,CA,
Ross Andrew Winery,WA,
Ross Vineyards,CA,
Rotta Winery,CA,
Roudon-Smith Vineyards,CA,
Round Barn Winery,MI,
Round Hill Vineyards,CA,
Round Peak Vineyards,NC,
Rowland Cellars,CA,
Roxyann Winery,OR,
Royal Kedem Winery,NY,
Royal Oaks Winery,CA,
Royal Ravenna Vineyards & Winery,TX,
R. Stuart & Company,OR,
Rubissow Sargent Winery,CA,
Rulo Winery,WA,
Running Springs,OR,
Rusack Vineyards,CA,
Rushland Ridge Vineyards,PA,
Rusina Wines,CA,
Russell Creek Winery,WA,
Russian Hill Estate Winery,CA,
Rust Ridge Winery,CA,
Rutherford Grove Winery,CA,
Rutherford Hill Winery,CA,
Rutherford Oaks Winery,CA,
Rutherford Ranch,CA,
Rutz Cellars,CA,
Ryan Patrick Vineyards,WA,
Saba Tej (organic Honey Wine) Co.,NJ,
Sable Ridge Vineyards,CA,
Saddleback Cellars,CA,
Saddlerock Vineyards,CA,
Saga Vineyards,OR,
Sagelands Vineyard,WA,
Sagpond Vineyards,NY,
Sailing Horse Vineyards and Winery,OK,
Saint Croix Vineyards,MN,
Sainte Genevieve Winery,MO,
Saint Laurent Winery,WA,
Saintpaulia Vintners,WA,
Saintsbury,CA,
Sakonnet Vineyards,RI,
Salamandre Wine Cellars,CA,
Salem Hills Vineyard,OR,
Salishan Vineyards,WA,
Salmon Harbor,WA,
Salvestrin Vineyard And Wine Co.,CA,
Salzburg Winery,MI,
Samish Island Winery,WA,
Samson Estates Winery,WA,
San Antonio Winery,CA,
Sand Castle Winery,PA,
S. Anderson Vineyard,CA,
S. Anderson Vineyard,CA,
Sandhill Crane Vineyards,MI,
Sand Hill Vineyard,OH,
Sandhill Winery,WA,
Sandia Shadows Vineyard,NM,
San Dominique Winery,AZ,
Sandstone Vineyards,ID,
Sandstone Winery,IA,
San Felipe Winery,NM,
Sanford Winery,CA,
San Juan Cellars,WA,
San Juan Vineyards,WA,
San Marcos Creek Vineyard,CA,
San Martiño Winery & Vineyards,TX,
San Pasqual Winery,CA,
San Saba Vineyards,CA,
San Sano Vineyards,MD,
San Sebastian Winery,FL,
Santa Barbara Winery,CA,
Santa Cruz Mountain Vineyard,CA,
Santa Fe Vineyards,NM,
Santa Rita Cellars,NM,
Sapphire Hill,CA,
Sarah Powell Wines,OR,
Sarah's Vineyard,CA,
Sargon Vineyard,NY,
Satek Winery,IN,
Saucelito Canyon Vineyards,CA,
Sausal Winery,CA,
Savannah Chanelle Vineyards,CA,
Savannah Oaks Winery,TN,
Saviah Cellars,WA,
Saviez Vineyards,CA,
Sawtooth Winery,ID,
Sawyer Cellars,CA,
Saxon Brown,CA,
Scenic Valley,MN,
Schaefer Sonoma Vineyards & Winery,CA,
Scheid Vineyards,CA,
Scherrer Winery,CA,
Schloss Doepken Winery,NY,
Schneider Vineyards,NY,
Schorr Lake Vineyards,IL,
Schrader Cellars,CA,
Schramsberg Vineyards,CA,
Schuetz Oles Winery,CA,
Schug Carneros Estate Winery,CA,
Schwaesdall Winery,CA,
Schweiger Vineyards,CA,
Scott Harvey Wines,CA,
Scott Paul Wines,OR,
Screaming Eagle Winery & Vineyards,CA,
Scribner Bend Vineyards,CA,
SeaBreeze Winery,FL,
Seasmoke Cellars,CA,
Seavey Vineyard,CA,
Sebastiani,CA,
Sebastiani And Sons,CA,
Sebastopol Vineyards,CA,
Secret House Vineyards,OR,
Secret Ravine Vineyard & Winery,CA,
Seghesio Family Vineyards,CA,
Seia Wine Cellars,WA,
Selah Heights Winery,WA,
Selby Winery,CA,
Selene Wines,CA,
Seminary Winery,IL,
Seneca Shore Wine Cellars,NY,
Sequoia Grove Vineyards,CA,
Seth Ryan Winery,WA,
Seufert Winery,OR,
Seven Hills Winery,WA,
Seven Valleys Winery,PA,
Shade Mountain Winery,PA,
Shadey Lake Winery,IN,
Shadow Canyon Vineyard,CA,
Shadow Mountain Vineyard,CA,
Shady Lane Cellars,MI,
Shafer Vineyard Cellars,OR,
Shafer Vineyards,CA,
Shalestone Vineyards,NY,
Shallon Winery,OR,
Shamrock Vineyards,OH,
Sharp Cellars,CA,
Sharpe Hill Vineyard,CT,
Sharp Rock Vineyards,VA,
Shawnee Springs Winery,OH,
Shawnee Winery,IL,
Shea Wine Cellars,OR,
Shelburne Vineyard,VT,
Sheldrake Point Vineyard,NY,
Shelton Vineyards,NC,
Shenandoah Vineyards,CA,
Shenandoah Vineyards,VA,
Sheridan Vineyard,WA,
Sherwin Family Vineyards,CA,
Sherwood House Vineyards,NY,
Shinn Estate Vineyards,NY,
Showket Vineyard,CA,
Shypoke Winery,CA,
Siduri Wines,CA,
Sierra Knolls Winery,CA,
Sierra Starr Vineyard & Winery,CA,
Sierra Vista Winery,CA,
Signal Ridge,CA,
Signorello Vineyards,CA,
Signore Winery,NY,
Silkhope Winery,NC,
Silvan Ridge,OR,
Silverado Vineyards,CA,
Silver Coast Winery,NC,
Silver Decoy Winery,NJ,
Silver Fox Vineyards,CA,
Silver Lake Winery,WA,
Silver Mountain Vineyards,CA,
Silver Nail Vineyards,NY,
Silver Oak Wine Cellars,CA,
Silver Rose Cellars,CA,
Silversmith Vineyards,CA,
Silver Springs Winery,NY,
Silver Stone Wines,CA,
Silver Thread Vineyard,NY,
Simi Winery,CA,
Simmons Winery,IN,
Simon Creek Vineyard & Winery,WI,
Sineann Cellars,OR,
Singing Water Vineyards,TX,
Single Leaf Winery,CA,
Sisneros-Tores Winery,NM,
Sister Creek Vineyards,TX,
Six Hands Winery,CA,
Six Mile Creek,NY,
Six Sigma Winery,CA,
Sjoeblom Winery,CA,
Skewis Wines,CA,
Sky River Meadery,WA,
Sky Vineyards,CA,
Slate Run Vineyard,OH,
Smith-Berry Winery,KY,
Smithbridge Cellars,PA,
Smith & Hook,CA,
Smith-Madrone Vineyards & Winery,CA,
Smokehouse Winery,VA,
Smokey Hill Vineyards & Winery,KS,
Smokey Mountain Winery,TN,
Smothers Winery,CA,
Snake River Winery,ID,
Snoqualmie Vineyards,WA,
Snow Farm Winery,VT,
Snowmass Creek Winery,CO,
Soaring Wings Vineyard,NE,
Sobon Estate,CA,
Sogno Winery,CA,
Sokol Blosser Vineyards,OR,
Solera,OR,
Solis Winery,CA,
Solitude Wines,CA,
Solomons Island Winery,MD,
Sonoita Vineyards,AZ,
Sonoma Creek Winery,CA,
Sonoma-Cutrer Vineyards,CA,
Sonoma-Loeb Wines,CA,
Sonoma Valley Port Works,CA,
Sonora Winery & Port Works,CA,
Soos Creek Wine Cellars,WA,
Soquel Vineyards,CA,
Sorensen Cellars,WA,
South Coast Winery,CA,
South River Vineyard,OH,
Sow's Ear Winery,ME,
Spanish Valley Vineyards & Winery,UT,
Sparks Vineyard & Winery,OK,
Sparrow Lane Winery,CA,
Spelletich Cellars,CA,
Spencer-Roloson,CA,
Spero Winery,CO,
Spicewood Vineyards,TX,
Spirit Knob Winery,IL,
Split Rail Vineyard,GA,
Spotted Tavern Winery,VA,
Spottswoode Winery,CA,
Springer's Creek Winery,IL,
Springhill Cellars,OR,
Springhill Winery & Plantation Bed & Breakfast,KY,
Spring Mountain Vineyard,CA,
Spring Pond Vineyards & Winery,IL,
Spring Valley Vineyard,WA,
Spurgeon Vineyards,WI,
S. Rhodes Vineyards,CO,
Stableridge Vineyards & Winery,OK,
Stag Hollow Wines & Vineyard,OR,
Staglin Family Vineyard,CA,
Stag's Leap Wine Cellars,CA,
Stags' Leap Winery,CA,
St. Amant Winery,LA,
Standing Stone Vineyards,NY,
Stangeland Vineyards,OR,
Stargazers Vineyard,PA,
Star Hill Winery,CA,
Starlight Vineyards & Winery,TX,
Starr & Brown Winery,OR,
Starr Hill Vineyard & Winery,PA,
Starry Night Winery,CA,
St. Clair Winery,NM,
St. Clement Vineyards,CA,
Steamboat Springs Cellars,CO,
Steamboat Springs Cellars,CO,
Ste. Chapelle Winery,ID,
Steele Wines,CA,
Stefan Daniels Cellars,CA,
Ste. Genevieve Wines,TX,
Steltzner Vineyards,CA,
Stephen Ross Wine Cellars,CA,
Stephen's Cellar,CA,
Sterling Vineyards,CA,
Steven Kent Winery,CA,
Stevenot Winery,CA,
Stevenson-Barrie Cellars,OR,
Stever Hill Vineyards,NY,
Stewart Cellars,CA,
St. Francis Vineyards & Winery,CA,
St. George Spirits,CA,
St. Hilaire Cellars,WA,
Stiengtunt Vineyards And Winery,IL,
Stillhouse Vineyards,VA,
Still Pond Vineyard & Winery,GA,
Stillwater Vineyards,CA,
Stimson Lane Estates,WA,
St. Innocent Winery,OR,
St. James Spirits,CA,
St. James Winery,MO,
St. Josef's Wine Cellar,OR,
St. Joseph Vineyard,OH,
St. Julian Wine Company,MI,
St. Kathryn Cellars,CO,
Stolpman Vineyards,CA,
Stoneage Winery,NY,
Stone Bluff Cellars Winery,OK,
Stone Cliff Winery,IA,
Stone Cottage Cellars,CO,
Stone Creek Winery,CA,
Stonegate Winery,CA,
Stonehaus Farms Winery,MO,
Stonehaus Winery,TN,
Stoneheath Winery,CA,
Stonehedge Winery,CA,
Stone Hill Winery,MO,
Stone Mountain Vineyard,VA,
Stone's Throw Winery,WI,
Stonestreet Winery,CA,
Stone Villa Wine Cellars,PA,
Stonewall Vineyard,VA,
Stone Wolf Vineyards,OR,
Stoney Acres Winery,PA,
Stoney Mesa Winery,CO,
Stoney Ridge Winery,OH,
Stonington Vineyards,CT,
Stony Hill Vineyard,CA,
Stony Knoll Vineyard,NC,
Stony Mountain Vineyard,NC,
Stony Ridge Winery,CA,
Storrs Winery,CA,
Storybook Mountain Vineyards,CA,
Story Winery,CA,
Stovers Family Vineyard,KY,
Striker's Premium Winery,TN,
Stringer's Orchard,CA,
Stryker Sonoma Winery,CA,
St. Supery Vineyards & Winery,CA,
Stuart Cellars,CA,
Stuhlmuller Vineyards,CA,
Sugar Creek Winery,MO,
Sugar Grove Vineyards And Gatheringplace,IA,
Sugarloaf Crossing,CA,
Sullivan Birney Winery & Vineyards,CA,
Sullivan Vineyards,CA,
Summerset Winery,IA,
Summerside Vineyards & Winery,OK,
Summers Ranch,CA,
Summers Winery,CA,
Summerwood Winery & Inn,CA,
Summit Lake Winery,MO,
Summitt Lake Vineyards & Winery,CA,
Summum,UT,
Sumner Crest Winery,TN,
Sunce' Winery,CA,
Sunset Cellars,CA,
Sunset Winery,TX,
Sunstone Vineyards & Winery,CA,
Surface Creek Winery,CO,
Susquehanna Valley Winery,PA,
Sutcliffe Vineyards / Mcelmo Canyon Wines,CO,
Sutter Home Winery,CA,
Sutter Ridge Vineyards,CA,
Su Vino Winery,TX,
Swanson Vineyards,CA,
Swedenburg Estate Vineyard,VA,
Swedish Hill Vineyard,NY,
Swiss Heritage Winery,OH,
Switchback Ridge,CA,
Sylvester Winery,CA,
Sylvin Farms,NJ,
Syncline Wine Cellars,WA,
Tablas Creek Vineyard,CA,
Tabor Hill Winery,MI,
Tabor Home Vineyards & Winery,IA,
Taft Street Winery,CA,
Tagaris Winery,WA,
Tahoe Ridge Vineyards & Winery,NV,
Takara Sake,CA,
Talley Vineyards,CA,
Talon Winery And Vineyards,KY,
Talty Vineyards,CA,
Talus Cellars,CA,
Tamás Estates,CA,
Tamanend Winery,PA,
Tamarack Cellars,WA,
Tamuzza Vineyards,NJ,
Tan Childs Winery,NY,
Tandem Winery,CA,
Tanjuli Winery,WA,
Tantalus Winery,CA,
Tantara Winery,CA,
Tapteil Vineyard,OR,
Tapteil Vineyard Winery,WA,
Tara Bella Winery & Vineyards,CA,
Tarara Vineyards & Winery,VA,
Tarius Wines,CA,
Tarsitano Winery,OH,
Tartan Hill Winery,MI,
Taurian Vineyards,CA,
Taylor Brooke Winery,CT,
Taylor Family Vineyards,CA,
Taylor Wine Company,CA,
Taz,CA,
Tefft Cellars,WA,
Tehuacana Creek Vineyards,TX,
Tempest Vineyards,OR,
Tenba Ridge Winery,WI,
Tennessee Mountain View Winery,TN,
Tennessee Valley Winery,TN,
Tenuta Vineyards,CA,
Ternhaven Cellars,NY,
Terra Blanca,WA,
Terra Cotta Vineyards,OH,
Terra Nativa,ID,
Terra Valentine,CA,
Terre Vin Winery,IN,
Terroir Napa Valley,CA,
Terror Creek Winery,CO,
Terry Ranch Cellars,WY,
Testarossa Vineyards,CA,
Texas Hills Vineyard,TX,
The Georgia Winery,GA,
The Hess Collection Winery,CA,
The Lakehouse Inn Winery,OH,
The Monterey Vineyard,CA,
The Teensy Winery,NC,
The Winery At Eagle Knoll,ID,
The Winery At Holy Cross Abbey,CO,
Thirsty Owl Wine Company,NY,
Thistle Meadow Winery,NC,
Thomas Coyne Winery,CA,
Thomas Family Winery,IN,
Thomas Fogarty Winery,CA,
Thornhill Vineyards,MO,
Thoroughbred Vintners,IN,
Thorpe Vineyard,NY,
Three Lakes Winery,WI,
Three Oaks Winery,FL,
Three Rivers Winery,WA,
Three Sisters Vineyards,GA,
Thumbprint Cellars,CA,
Thunder Mountain,CA,
Thurow Vineyards,CA,
Thurston Wolfe Winery,OR,
Tickle Hill Winery,NY,
Tidal School Vineyards,OK,
Tiger Mountain Vineyards,GA,
Timber Hill Winery,IA,
Timber Rock Winery,ID,
Tin Barn Vineyards,CA,
Tin House Winery,CA,
Titus Vineyards,CA,
TKC Vineyards,CA,
Toad Hollow Vineyards,CA,
Tobin James Cellars,CA,
Tolosa Winery,CA,
Tomahawk Mill Winery,VA,
Tomasello Winery,NJ,
Tom Eddy,CA,
Topel Winery,CA,
Topolos At Russian River,CA,
Torii Mor Winery,OR,
Torrey Ridge Winery,NY,
Tortoise Creek Wines,CO,
Tower Rock Winery,MO,
Townshend Cellar,WA,
Trail Creek Winery,MT,
Trail Ridge Winery,CO,
Treana Winery,CA,
Trefethen Vineyards & Winery,CA,
Treleaven / King Ferry Winery,NY,
Trentadue Winery,CA,
Tres Suenos,OK,
Trey Marie Winery,WA,
Trinity Oaks,CA,
Triple R Ranch Winery,TX,
Tri-Star Vineyards,TN,
Troon Vineyard,OR,
Trout Gulch Vineyards,CA,
Troutman Vineyards,OH,
Trout Springs Winery,WI,
Truchard Vineyards,CA,
Truluck Vineyards,SC,
Truro Vineyards Of Cape Cod,MA,
Tsillan Cellars,WA,
Tualatin Vineyards,OR,
Tucker Cellars,WA,
Tularosa Vineyards,NM,
Tulip Hill Winery & Vineyards,CA,
Tulocay Winery,CA,
Turdo Vineyards,NJ,
Turkey Creek Vineyards,OK,
Turley Wine Cellars,CA,
Turnbull Wine Cellars,CA,
Turtle Run Winery,IN,
Twin Brook Winery,PA,
Twin Oaks Valley Vintners,CA,
Twin Rivers Vineyard & Winery,KS,
Twisted Oak Winery,CA,
Twomey Cellars,CA,
Two Mountain Winery,OR,
Two Rivers Winery,CO,
Tyee Wine Cellars,OR,
Uncle John's Fruit House Winery,MI,
Unicorn Winery,VA,
Unionville Vineyards,NJ,
Unti Vineyards,CA,
Vahling Vineyards,IL,
Va La Vineyards,PA,
Valentine Sagefield Vineyards,SC,
Valentino Vineyards,IL,
Valenzano Winery,NJ,
Valhalla Vineyards,VA,
Valiant Vineyards / Buffalo Run Winery,SD,
Valley Of The Moon Winery,CA,
Valley Of The Wind Winery,CO,
Valley View Winery,OR,
Valley Vineyards Estate Winery,OH,
Val Verde Winery,TX,
Van Der Heyden Vineyards & Winery,CA,
Van Duzer Wines,OR,
Van Enoo Vineyards & Winery,CA,
Van Roekel Vineyard & Winery,CA,
Van Ruiten-Taylor Winery,CA,
Varner Wine,CA,
Vashon Winery,WA,
Vasquez Vineyard & Winery,TX,
Venezio Vineyards & Winery,CA,
Ventana Vineyards,CA,
Ventosa Vineyards,NY,
Venus Vineyards,CA,
Veramar Vineyard,VA,
Veritas Winery,VA,
Verite Winery,CA,
Vetro Winery,WI,
Vetter Vineyards Winery,NY,
Viader Vineyards,CA,
Viansa Winery And Italian Marketplace,CA,
Vichon Winery,CA,
Vickers Vineyards,ID,
Victor Hugo Winery,CA,
Viento Wines,OR,
Viking Vineyards,OH,
Villa Antonio Winery,MO,
Villa Appalaccia Winery,VA,
Villa Bellangelo,NY,
Villa Creek Cellars,CA,
Village Of Elgin Winery,AZ,
Village Vintner,IA,
Village Winery,IA,
Villa Helena Winery,CA,
Villa Milan Vineyard,IN,
Villa Mt. Eden,CA,
Villa Toscano,CA,
Villicana Winery,CA,
Vina Robles,CA,
Vincent Arroyo Winery,CA,
Vin De Tevis,CA,
Vine2wine Of Northville,MI,
Vine Cliff Winery,CA,
Vineheart Winery,OR,
Vinetree Farm Winery,IN,
Vineyard 29,CA,
Vineyard 48,NY,
Vineyard 7 & 8,CA,
Vineyard At Strawberry Ridge,CT,
"Vineyard By Mellon, The",PA,
Vinoce Vineyards,CA,
Vino Con Brio,CA,
Vinoklet Winery,OH,
Vino Noceto,CA,
Vinum Cellars,CA,
Virant Family Winery,OH,
Vision Cellars,CA,
Vista Del Rey Vineyards,CA,
Vivac Winery,NM,
Viviani Vineards,CA,
Volcano Vineyards,OR,
Volcano Winery,HI,
Volker Eisele Vineyard,CA,
Von Jakob Vineyard,IL,
Von Klaus Winery,WI,
Von Stiehl Winery,WI,
Von Strasser Winery,CA,
Voss Vineyards,CA,
V. Sattui Winery,CA,
Vynecrest Winery,PA,
Wagner Vineyards,NY,
Waldensian Heritage Wines,NC,
Wales Manor,TX,
Wales Manor Vineyard & Winery,TX,
Walker Station Vineyards,CA,
Walla Walla Vintners,WA,
Walnut City Wineworks,OR,
Walnut City Wine Works,OR,
Walnut Cove Vineyards,NC,
Walter Hansel Winery & Vineyards,CA,
Wapato Point Cellars,WA,
Warm Lake Estate Vineyard And Winery,NY,
Warner Vineyards,MI,
Warwick Valley Winery & Distillery,NY,
Washington Hills Cellars,WA,
Wasson Brothers Winery,OR,
Waterbrook Winery,WA,
Waterloo Winery,IL,
Waters Crest Winery,NY,
Wattle Creek Winery,CA,
Watts Winery,CA,
Waving Tree Winery,WA,
Wedell Cellars,CA,
Wedge Mountain Winery,WA,
Weggy Winery,WI,
Weibel Vineyards,CA,
Weisinger's Of Ashland Vineyard & Winery,OR,
Wellington Vineyards,CA,
Wente Vineyards,CA,
Wenwood Farm Winery,MO,
Wermuth Winery,CA,
Wesmar Winery,CA,
Westbend Vineyards,NC,
Westberg Cellars,CA,
Westbrook Wine Farm,CA,
Westcott Bay Orchards,WA,
West County Winery & Ciders,MA,
Westfall Winery,NJ,
Westhanover Winery,PA,
Weston Winery,ID,
Westover Vineyards,CA,
Westpark Wine Cellars,NY,
Westport Rivers Vineyard & Winery,MA,
Westry Wines,OR,
West-Whitehill Winery,WV,
Westwood Winery,CA,
Whaler Vineyards,CA,
Whidbey Island Winery,WA,
Whiskey Run Creek Winery,NE,
Whispering Hills Vineyards,IA,
Whispering Oaks Vineyard & Winery,MO,
Whispering Peak Vineyards,AZ,
Whistling Ridge Vineyard,OR,
Whitcraft Winery,CA,
Whitecliff Winery,NY,
White Cottage Ranch,CA,
White Crane Winery,CA,
Whitehall Lane Winery,CA,
White Hall Vineyards,VA,
White Heron Cellars,WA,
White Lie,CA,
White Oak Vineyards,AL,
White Oak Vineyards & Winery,CA,
White Owl Winery,IL,
White Rock Vineyards,CA,
White Silo Farm & Winery,CT,
White Winter Winery,WI,
Whitman Cellars,WA,
Whitmore Wine Company,CA,
Wichita Falls Vineyards & Winery,TX,
Widgeon Hill Winery,WA,
Widmer's Wine Cellars,NY,
Wiederkehr Wine Cellars,AR,
Wiens Cellars,CA,
Wild Blossom Meadery,IL,
Wild Hog Vineyard,CA,
Wild Horse Winery,CA,
Wildhurst Vineyards,CA,
Wild Rose Vineyard,OR,
Wild Rose Vineyards,CA,
Wild Winds Winery,OR,
Wilhelm Winery,PA,
Willakenzie Estate,OR,
Willamette Valley Vineyards,OR,
William Cooper Winery,UT,
William Hill Winery,CA,
Williamsburg Winery,VA,
Williams-Selyem Winery,CA,
Willmon Vineyards / Wines Of New Mexico,NM,
Willow Creek Winery,NY,
Willow Crest Winery,OR,
Willowcroft Farm Vineyards,VA,
Willow Hill Vineyards,OH,
Willow Vineyards,MI,
Wills Creek Vineyards,AL,
Wilridge Winery,WA,
Wilson Creek Winery,CA,
Wilson Vineyards,CA,
Wilson Winery,IN,
Wilson Winery,CA,
Wimberley Valley Wines,TX,
Windemere Winery,CA,
Windgate Vineyards,PA,
Windham Winery,VA,
Windmill Winery,OK,
Wind River Cellars,WA,
Wind River Winery,IA,
Windsor Oaks Vineyards,CA,
Windsor Vineyards,CA,
Windswept Winery,KS,
Windwalker Vineyard,CA,
Windward Vineyard,CA,
Windy Gap Vineyards,NC,
Windy Hill Winery,TX,
Windy Knoll Winery,IN,
Windy Oaks Estate,CA,
Windy Point Vineyards,OR,
Wine By Joe,OR,
Wineglass Cellars,OR,
Winehaven Winery & Vineyard,MN,
"Wine Kradel, The",PA,
"Winery At Iron Gate Farm, The",NC,
"Winery At Raven's Glenn, The",OH,
Winery At Versailles,OH,
"Winery At Wilcox, The",PA,
"Winery At Wolf Creek, The",OH,
Winery Of The Little Hills,MO,
Wing Canyon Vineyard,CA,
Winghill Vineyard & Winery,IL,
Wintergreen Winery,VA,
Winterport Winery,ME,
Winzerwald Winery,IN,
Witch Creek Winery,CA,
Witness Tree Vineyard,OR,
Wm. Graystone Winery,OH,
Woffard Acres Vineyards,CA,
Wolf Creek Winery,WV,
Wolffer Estate Vineyards & Stables,NY,
Wolff Vineyards,CA,
Wolf Mountain Vineyards,GA,
Wollersheim Winery,WI,
Woodbridge Winery,CA,
Woodbury Vineyards,NY,
Woodbury Vineyards,NY,
Wooden Valley Winery,CA,
Wood Family Vineyards,CA,
Woodhall Wine Cellars,MD,
Woodinville Wine Company,WA,
Woodland Park Vineyards,OK,
Woodland Trail Winery,WI,
Woodland Vineyard,VA,
Woodrose Winery And Retreat,TX,
Woodside Vineyards,CA,
Woodstone Creek Winery & Boutique Distillery,OH,
Woods & Waters Winery,OK,
Woodward Canyon Winery,WA,
Work Vineyard,CA,
Wright Wine Works,PA,
Wyldewood Cellars Winery,KS,
Wyncroft Wines,MI,
Wyoming Wine,WY,
X Winery,CA,
Yakima Cellars,OR,
Yakima River Winery,OR,
Yamhill Valley Vineyards,OR,
Yates Cellars,NY,
Yellow Hawk Cellar,WA,closed
Yoakim Bridge Vineyards & Winery,CA,
York Mountain Winery,CA,
Yorkville Cellars,CA,
Youngberg Hill Vineyards,OR,
Young Ridge Winery,CA,
Zaca Mesa Winery,CA,
Zafarana Vineyards,MI,
Zahtila Vineyards,CA,
Zayante Vineyard,CA,
ZD Wines,CA,
Zefina Winery,WA,
Zelko,OR,
Zenaida Cellars,CA,
Zin Alley,CA,
Zingaro Vineyards,CA,
Zucca Mountain Vineyards,CA,